question_id,db_id,sql,difficulty,runtime_s,n_tokens,query_length,n_joins,n_tables_approx,n_where_predicates,has_group_by,has_order_by,has_having,has_distinct,has_limit,has_union,n_subqueries,has_subquery,max_nesting_depth,n_count,n_sum,n_avg,n_max,n_min,n_aggregations,has_between,has_in_clause,has_like,has_exists,has_correlated_subquery,label,label_binary,schema_n_tables,schema_total_rows,schema_max_table_rows,schema_total_indexes,schema_index_coverage,schema_log_total_rows,log_runtime
1472,debit_card_specializing,"SELECT T1.CustomerID FROM customers AS T1 INNER JOIN yearmonth AS T2 ON T1.CustomerID = T2.CustomerID WHERE T1.Segment = 'LAM' AND SUBSTR(T2.Date, 1, 4) = '2012' GROUP BY T1.CustomerID ORDER BY SUM(T2.Consumption) ASC LIMIT 1",moderate,1.0228792000125395,34,225,1,2,2,1,1,0,0,1,0,0,0,1,0,1,0,0,0,1,0,0,0,0,0,slow,1,,,,,,,0.022621395942805027
1476,debit_card_specializing,"SELECT SUM(IIF(T1.Currency = 'CZK', T2.Consumption, 0)) - SUM(IIF(T1.Currency = 'EUR', T2.Consumption, 0)) FROM customers AS T1 INNER JOIN yearmonth AS T2 ON T1.CustomerID = T2.CustomerID WHERE SUBSTR(T2.Date, 1, 4) = '2012'",challenging,0.5680274999904213,31,224,1,2,1,0,0,0,0,0,0,0,0,2,0,2,0,0,0,2,0,0,0,0,0,slow,1,,,,,,,-0.5655854459568831
1479,debit_card_specializing,"SELECT SUBSTR(T2.Date, 1, 4) FROM customers AS T1 INNER JOIN yearmonth AS T2 ON T1.CustomerID = T2.CustomerID WHERE T1.Currency = 'CZK' GROUP BY SUBSTR(T2.Date, 1, 4) ORDER BY SUM(T2.Consumption) DESC LIMIT 1",moderate,0.5781711000017822,32,208,1,2,1,1,1,0,0,1,0,0,0,1,0,1,0,0,0,1,0,0,0,0,0,slow,1,,,,,,,-0.5478854333509323
1506,debit_card_specializing,SELECT DISTINCT T3.Description FROM transactions_1k AS T1 INNER JOIN gasstations AS T2 ON T1.GasStationID = T2.GasStationID INNER JOIN products AS T3 ON T1.ProductID = T3.ProductID WHERE T2.Country = 'CZE',moderate,0.0007118000066839,29,205,2,3,1,0,0,0,1,0,0,0,0,0,0,0,0,0,0,0,0,0,0,0,0,fast,0,,,,,,,-7.247713575498044
1507,debit_card_specializing,SELECT DISTINCT T1.Time FROM transactions_1k AS T1 INNER JOIN gasstations AS T2 ON T1.GasStationID = T2.GasStationID WHERE T2.ChainID = 11,simple,0.0004183999990345,20,138,1,2,1,0,0,0,1,0,0,0,0,0,0,0,0,0,0,0,0,0,0,0,0,fast,0,,,,,,,-7.779072647521161
1509,debit_card_specializing,"SELECT COUNT(T1.TransactionID) FROM transactions_1k AS T1 INNER JOIN gasstations AS T2 ON T1.GasStationID = T2.GasStationID WHERE T2.Country = 'CZE' AND STRFTIME('%Y', T1.Date) >= '2012'",moderate,0.0008434999908786,24,186,1,2,2,0,0,0,0,0,0,0,0,1,1,0,0,0,0,1,0,0,0,0,0,fast,0,,,,,,,-7.077950666792003
1514,debit_card_specializing,SELECT DISTINCT T3.Currency FROM transactions_1k AS T1 INNER JOIN gasstations AS T2 ON T1.GasStationID = T2.GasStationID INNER JOIN customers AS T3 ON T1.CustomerID = T3.CustomerID WHERE T1.Date = '2012-08-24' AND T1.Time = '16:25:00',simple,0.0002872000040952,33,234,2,3,2,0,0,0,1,0,0,0,0,0,0,0,0,0,0,0,0,0,0,0,0,fast,0,,,,,,,-8.155331706531152
1515,debit_card_specializing,SELECT T2.Segment FROM transactions_1k AS T1 INNER JOIN customers AS T2 ON T1.CustomerID = T2.CustomerID WHERE T1.date = '2012-08-23' AND T1.time = '21:20:00',simple,0.000216200001887,23,158,1,2,2,0,0,0,0,0,0,0,0,0,0,0,0,0,0,0,0,0,0,0,0,fast,0,,,,,,,-8.439306644031136
1521,debit_card_specializing,SELECT COUNT(T1.TransactionID) FROM transactions_1k AS T1 INNER JOIN gasstations AS T2 ON T1.GasStationID = T2.GasStationID WHERE T1.Date = '2012-08-26' AND T1.Time BETWEEN '08:00:00' AND '09:00:00' AND T2.Country = 'CZE',moderate,0.0002698000025702,29,221,1,2,4,0,0,0,0,0,0,0,0,1,1,0,0,0,0,1,1,0,0,0,0,fast,0,,,,,,,-8.217829604664303
1524,debit_card_specializing,SELECT T2.Country FROM transactions_1k AS T1 INNER JOIN gasstations AS T2 ON T1.GasStationID = T2.GasStationID WHERE T1.Date = '2012-08-24' AND T1.Price  = 548.4,simple,0.0002413000038359,23,161,1,2,2,0,0,0,0,0,0,0,0,0,0,0,0,0,0,0,0,0,0,0,0,fast,0,,,,,,,-8.32946956943648
1525,debit_card_specializing,"SELECT CAST(SUM(IIF(T2.Currency = 'EUR', 1, 0)) AS FLOAT) * 100 / COUNT(T1.CustomerID) FROM transactions_1k AS T1 INNER JOIN customers AS T2 ON T1.CustomerID = T2.CustomerID WHERE T1.Date = '2012-08-25'",simple,0.0008419999940088,29,202,1,2,1,0,0,0,0,0,0,0,0,3,1,1,0,0,0,2,0,0,0,0,0,fast,0,,,,,,,-7.079730550837387
1533,debit_card_specializing,SELECT T2.Consumption FROM transactions_1k AS T1 INNER JOIN yearmonth AS T2 ON T1.CustomerID = T2.CustomerID WHERE T1.Price / T1.Amount > 29.00 AND T1.ProductID = 5 AND T2.Date = '201208',moderate,0.0003676999913295,29,187,1,2,3,0,0,0,0,0,0,0,0,0,0,0,0,0,0,0,0,0,0,0,0,fast,0,,,,,,,-7.908243193237412
1312,student_club,SELECT T2.major_name FROM member AS T1 INNER JOIN major AS T2 ON T1.link_to_major = T2.major_id WHERE T1.first_name = 'Angela' AND T1.last_name = 'Sanders',simple,8.089999028015882e-05,23,155,1,2,2,0,0,0,0,0,0,0,0,0,0,0,0,0,0,0,0,0,0,0,0,fast,0,,,,,,,-9.422296854046204
1317,student_club,SELECT COUNT(T1.event_id) FROM event AS T1 INNER JOIN attendance AS T2 ON T1.event_id = T2.link_to_event INNER JOIN member AS T3 ON T2.link_to_member = T3.member_id WHERE T1.event_name = 'Women''s Soccer' AND T3.t_shirt_size = 'Medium',moderate,0.0002291000128025,33,235,2,3,2,0,0,0,0,0,0,0,0,1,1,0,0,0,0,1,0,0,0,0,0,fast,0,,,,,,,-8.381351912623115
1322,student_club,SELECT COUNT(DISTINCT T1.event_id) FROM event AS T1 INNER JOIN attendance AS T2 ON T1.event_id = T2.link_to_event WHERE T1.type = 'Meeting' GROUP BY T1.event_id HAVING COUNT(T2.link_to_event) > 10,moderate,0.0001511000009486,27,196,1,2,1,1,0,1,1,0,0,0,0,1,2,0,0,0,0,2,0,0,0,0,0,fast,0,,,,,,,-8.797568682407618
1323,student_club,SELECT T1.event_name FROM event AS T1 INNER JOIN attendance AS T2 ON T1.event_id = T2.link_to_event GROUP BY T1.event_id HAVING COUNT(T2.link_to_event) > 20 EXCEPT SELECT T1.event_name FROM event AS T1  WHERE T1.type = 'Fundraiser',moderate,0.000312499993015,33,231,1,2,1,1,0,1,0,0,0,1,1,1,1,0,0,0,0,1,0,0,0,0,0,fast,0,,,,,,,-8.070906111139818
1331,student_club,SELECT T2.amount FROM member AS T1 INNER JOIN income AS T2 ON T1.member_id = T2.link_to_member WHERE T1.position = 'Vice President',simple,0.0001132000033976,20,131,1,2,1,0,0,0,0,0,0,0,0,0,0,0,0,0,0,0,0,0,0,0,0,fast,0,,,,,,,-9.086354362181059
1334,student_club,"SELECT T1.first_name, T1.last_name FROM member AS T1 INNER JOIN zip_code AS T2 ON T1.zip = T2.zip_code WHERE T2.state = 'Illinois'",simple,0.0004350999952293,20,130,1,2,1,0,0,0,0,0,0,0,0,0,0,0,0,0,0,0,0,0,0,0,0,fast,0,,,,,,,-7.739934679202245
1338,student_club,SELECT T3.approved FROM event AS T1 INNER JOIN budget AS T2 ON T1.event_id = T2.link_to_event INNER JOIN expense AS T3 ON T2.budget_id = T3.link_to_budget WHERE T1.event_name = 'October Meeting' AND T1.event_date LIKE '2019-10-08%',moderate,0.0001747000060277,33,231,2,3,2,0,0,0,0,0,0,0,0,0,0,0,0,0,0,0,0,0,1,0,0,fast,0,,,,,,,-8.652440306321116
1339,student_club,"SELECT AVG(T2.cost) FROM member AS T1 INNER JOIN expense AS T2 ON T1.member_id = T2.link_to_member WHERE T1.last_name = 'Allen' AND T1.first_name = 'Elijah' AND (SUBSTR(T2.expense_date, 6, 2) = '09' OR SUBSTR(T2.expense_date, 6, 2) = '10')",challenging,0.0001667000033194,35,239,1,2,4,0,0,0,0,0,0,0,0,2,0,0,1,0,0,1,0,0,0,0,0,fast,0,,,,,,,-8.699314748295109
1340,student_club,"SELECT SUM(CASE WHEN SUBSTR(T1.event_date, 1, 4) = '2019' THEN T2.spent ELSE 0 END) - SUM(CASE WHEN SUBSTR(T1.event_date, 1, 4) = '2020' THEN T2.spent ELSE 0 END) AS num FROM event AS T1 INNER JOIN budget AS T2 ON T1.event_id = T2.link_to_event",moderate,0.000158900002134,41,244,1,2,0,0,0,0,0,0,0,0,0,2,0,2,0,0,0,2,0,0,0,0,0,fast,0,,,,,,,-8.747235470991773
1344,student_club,SELECT notes FROM income WHERE source = 'Fundraising' AND date_received = '2019-09-14',simple,7.88999896030873e-05,12,86,0,1,2,0,0,0,0,0,0,0,0,0,0,0,0,0,0,0,0,0,0,0,0,fast,0,,,,,,,-9.447329461885746
1346,student_club,SELECT phone FROM member WHERE first_name = 'Carlo' AND last_name = 'Jacobs',simple,7.819999882485718e-05,12,76,0,1,2,0,0,0,0,0,0,0,0,0,0,0,0,0,0,0,0,0,0,0,0,fast,0,,,,,,,-9.45624092544041
1350,student_club,"SELECT T1.event_status FROM budget AS T1 INNER JOIN expense AS T2 ON T1.budget_id = T2.link_to_budget WHERE T2.expense_description = 'Post Cards, Posters' AND T2.expense_date = '2019-08-20'",moderate,0.0001494000025559,25,189,1,2,2,0,0,0,0,0,0,0,0,0,0,0,0,0,0,0,0,0,0,0,0,fast,0,,,,,,,-8.808883268157793
1351,student_club,SELECT T2.major_name FROM member AS T1 INNER JOIN major AS T2 ON T1.link_to_major = T2.major_id WHERE T1.first_name = 'Brent' AND T1.last_name = 'Thomason',simple,0.0001441999920643,23,155,1,2,2,0,0,0,0,0,0,0,0,0,0,0,0,0,0,0,0,0,0,0,0,fast,0,,,,,,,-8.844309388146021
1352,student_club,SELECT COUNT(T1.member_id) FROM member AS T1 INNER JOIN major AS T2 ON T1.link_to_major = T2.major_id WHERE T2.major_name = 'Business' AND T1.t_shirt_size = 'Medium',moderate,0.000180699993507,23,165,1,2,2,0,0,0,0,0,0,0,0,1,1,0,0,0,0,1,0,0,0,0,0,fast,0,,,,,,,-8.618672396298576
1356,student_club,SELECT T2.department FROM member AS T1 INNER JOIN major AS T2 ON T1.link_to_major = T2.major_id WHERE T1.position = 'President',simple,0.0001029999984893,19,127,1,2,1,0,0,0,0,0,0,0,0,0,0,0,0,0,0,0,0,0,0,0,0,fast,0,,,,,,,-9.180781584401629
1357,student_club,SELECT T2.date_received FROM member AS T1 INNER JOIN income AS T2 ON T1.member_id = T2.link_to_member WHERE T1.first_name = 'Connor' AND T1.last_name = 'Hilton' AND T2.source = 'Dues',simple,0.0001087999989977,27,183,1,2,3,0,0,0,0,0,0,0,0,0,0,0,0,0,0,0,0,0,0,0,0,fast,0,,,,,,,-9.125999232754747
1359,student_club,SELECT CAST(SUM(CASE WHEN T2.event_name = 'Yearly Kickoff' THEN T1.amount ELSE 0 END) AS REAL) / SUM(CASE WHEN T2.event_name = 'October Meeting' THEN T1.amount ELSE 0 END) FROM budget AS T1 INNER JOIN event AS T2 ON T1.link_to_event = T2.event_id WHERE T1.category = 'Advertisement' AND T2.type = 'Meeting',challenging,0.0001357000001007,47,306,1,2,2,0,0,0,0,0,0,0,0,2,0,2,0,0,0,2,0,0,0,0,0,fast,0,,,,,,,-8.905063990381372
1361,student_club,SELECT SUM(cost) FROM expense WHERE expense_description = 'Pizza',simple,6.289999873843044e-05,8,65,0,1,1,0,0,0,0,0,0,0,0,1,0,1,0,0,0,1,0,0,0,0,0,fast,0,,,,,,,-9.673964414314629
1368,student_club,SELECT T2.major_name FROM member AS T1 INNER JOIN major AS T2 ON T1.link_to_major = T2.major_id WHERE T1.phone = '809-555-3360',simple,0.0001173999917227,19,127,1,2,1,0,0,0,0,0,0,0,0,0,0,0,0,0,0,0,0,0,0,0,0,fast,0,,,,,,,-9.049923721075391
1371,student_club,SELECT COUNT(T2.link_to_member) FROM event AS T1 INNER JOIN attendance AS T2 ON T1.event_id = T2.link_to_event WHERE T1.event_name = 'Women''s Soccer',simple,0.0001364000054309,20,150,1,2,1,0,0,0,0,0,0,0,0,1,1,0,0,0,0,1,0,0,0,0,0,fast,0,,,,,,,-8.89991877273893
1375,student_club,"SELECT T1.first_name, T1.last_name FROM member AS T1 INNER JOIN major AS T2 ON T1.link_to_major = T2.major_id WHERE T2.department = 'School of Applied Sciences, Technology and Education'",moderate,0.0002185000048484,26,186,1,2,2,0,0,0,0,0,0,0,0,0,0,0,0,0,0,0,0,0,0,0,0,fast,0,,,,,,,-8.428724521239156
1376,student_club,SELECT T2.event_name FROM budget AS T1 INNER JOIN event AS T2 ON T1.link_to_event = T2.event_id WHERE T2.status = 'Closed' ORDER BY T1.spent / T1.amount DESC LIMIT 1,moderate,0.0002602999884402,27,165,1,2,1,0,1,0,0,1,0,0,0,0,0,0,0,0,0,0,0,0,0,0,0,fast,0,,,,,,,-8.253675790373283
1378,student_club,SELECT MAX(spent) FROM budget,simple,9.580000187270345e-05,4,29,0,1,0,0,0,0,0,0,0,0,0,1,0,0,0,1,0,1,0,0,0,0,0,fast,0,,,,,,,-9.253247853439406
1380,student_club,SELECT SUM(spent) FROM budget WHERE category = 'Food',simple,9.800000407267362e-05,8,53,0,1,1,0,0,0,0,0,0,0,0,1,0,1,0,0,0,1,0,0,0,0,0,fast,0,,,,,,,-9.230543037735808
1381,student_club,"SELECT T1.first_name, T1.last_name FROM member AS T1 INNER JOIN attendance AS T2 ON T1.member_id = T2.link_to_member GROUP BY T2.link_to_member HAVING COUNT(T2.link_to_event) > 7",moderate,0.0005003999976906,23,178,1,2,0,1,0,1,0,0,0,0,0,1,1,0,0,0,0,1,0,0,0,0,0,fast,0,,,,,,,-7.600102783986626
1387,student_club,"SELECT T4.first_name, T4.last_name FROM event AS T1 INNER JOIN budget AS T2 ON T1.event_id = T2.link_to_event INNER JOIN expense AS T3 ON T2.budget_id = T3.link_to_budget INNER JOIN member AS T4 ON T3.link_to_member = T4.member_id WHERE T1.event_name = 'Yearly Kickoff'",moderate,0.0001941999944392,39,269,3,4,1,0,0,0,0,0,0,0,0,0,0,0,0,0,0,0,0,0,0,0,0,fast,0,,,,,,,-8.546622030741448
1389,student_club,SELECT T1.event_name FROM event AS T1 INNER JOIN budget AS T2 ON T1.event_id = T2.link_to_event INNER JOIN expense AS T3 ON T2.budget_id = T3.link_to_budget ORDER BY T3.cost LIMIT 1,simple,0.0001738999999361,29,181,2,3,0,0,1,0,0,1,0,0,0,0,0,0,0,0,0,0,0,0,0,0,0,fast,0,,,,,,,-8.657030136971489
1390,student_club,SELECT CAST(SUM(CASE WHEN T1.event_name = 'Yearly Kickoff' THEN T3.cost ELSE 0 END) AS REAL) * 100 / SUM(T3.cost) FROM event AS T1 INNER JOIN budget AS T2 ON T1.event_id = T2.link_to_event INNER JOIN expense AS T3 ON T2.budget_id = T3.link_to_budget,moderate,0.0002668999950401,40,249,2,3,0,0,0,0,0,0,0,0,0,2,0,2,0,0,0,2,0,0,0,0,0,fast,0,,,,,,,-8.22863652013716
1392,student_club,SELECT source FROM income WHERE date_received BETWEEN '2019-09-01' and '2019-09-30' ORDER BY source DESC LIMIT 1,simple,0.0001050999999279,16,112,0,1,2,0,1,0,0,1,0,0,0,0,0,0,0,0,0,0,1,0,0,0,0,fast,0,,,,,,,-9.160598280767381
1394,student_club,SELECT COUNT(T2.member_id) FROM major AS T1 INNER JOIN member AS T2 ON T1.major_id = T2.link_to_major WHERE T1.major_name = 'Physics Teaching',simple,0.0001054000022122,20,142,1,2,1,0,0,0,0,0,0,0,0,1,1,0,0,0,0,1,0,0,0,0,0,fast,0,,,,,,,-9.157747900868397
1398,student_club,SELECT T2.event_name FROM budget AS T1 INNER JOIN event AS T2 ON T1.link_to_event = T2.event_id WHERE T1.category = 'Advertisement' ORDER BY T1.spent DESC LIMIT 1,moderate,0.0001034000015351,25,162,1,2,1,0,1,0,0,1,0,0,0,0,0,0,0,0,0,0,0,0,0,0,0,fast,0,,,,,,,-9.176905581043718
1399,student_club,SELECT CASE WHEN T3.event_name = 'Women''s Soccer' THEN 'YES' END AS result FROM member AS T1 INNER JOIN attendance AS T2 ON T1.member_id = T2.link_to_member INNER JOIN event AS T3 ON T2.link_to_event = T3.event_id WHERE T1.first_name = 'Maya' AND T1.last_name = 'Mclean',moderate,0.0002225000062026,42,271,2,3,2,0,0,0,0,0,0,0,0,0,0,0,0,0,0,0,0,0,0,0,0,fast,0,,,,,,,-8.410583428481125
1401,student_club,SELECT T3.cost FROM event AS T1 INNER JOIN budget AS T2 ON T1.event_id = T2.link_to_event INNER JOIN expense AS T3 ON T2.budget_id = T3.link_to_budget WHERE T1.event_name = 'September Speaker' AND T3.expense_description = 'Posters',moderate,0.000132900007884,33,231,2,3,2,0,0,0,0,0,0,0,0,0,0,0,0,0,0,0,0,0,0,0,0,fast,0,,,,,,,-8.925913532922277
1403,student_club,SELECT T2.event_name FROM budget AS T1 INNER JOIN event AS T2 ON T2.event_id = T1.link_to_event WHERE T1.event_status = 'Closed' AND T1.remaining < 0 ORDER BY T1.remaining LIMIT 1,moderate,9.869999485090376e-05,28,179,1,2,2,0,1,0,0,1,0,0,0,0,0,0,0,0,0,0,0,0,0,0,0,fast,0,,,,,,,-9.223425663694002
1404,student_club,"SELECT T1.type, SUM(T3.cost) FROM event AS T1 INNER JOIN budget AS T2 ON T1.event_id = T2.link_to_event INNER JOIN expense AS T3 ON T2.budget_id = T3.link_to_budget WHERE T1.event_name = 'October Meeting'",moderate,0.0002515000087441,30,204,2,3,1,0,0,0,0,0,0,0,0,1,0,1,0,0,0,1,0,0,0,0,0,fast,0,,,,,,,-8.288067533656688
1405,student_club,"SELECT T2.category, SUM(T2.amount) FROM event AS T1 JOIN budget AS T2 ON T1.event_id = T2.link_to_event WHERE T1.event_name = 'April Speaker' GROUP BY T2.category ORDER BY SUM(T2.amount) ASC",moderate,0.0001671000063652,27,190,1,2,1,1,1,0,0,0,0,0,0,1,0,2,0,0,0,2,0,0,0,0,0,fast,0,,,,,,,-8.696918084270767
1409,student_club,SELECT SUM(cost) FROM expense WHERE expense_date = '2019-08-20',simple,6.540000322274864e-05,8,63,0,1,1,0,0,0,0,0,0,0,0,1,0,1,0,0,0,1,0,0,0,0,0,fast,0,,,,,,,-9.63498825022362
1410,student_club,"SELECT T1.first_name, T1.last_name, SUM(T2.cost) FROM member AS T1 INNER JOIN expense AS T2 ON T1.member_id = T2.link_to_member WHERE T1.member_id = 'rec4BLdZHS2Blfp4v'",simple,8.759999764151871e-05,21,168,1,2,1,0,0,0,0,0,0,0,0,1,0,1,0,0,0,1,0,0,0,0,0,fast,0,,,,,,,-9.34272958694523
1411,student_club,SELECT T2.expense_description FROM member AS T1 INNER JOIN expense AS T2 ON T1.member_id = T2.link_to_member WHERE T1.first_name = 'Sacha' AND T1.last_name = 'Harrison',simple,0.0001170000032288,23,168,1,2,2,0,0,0,0,0,0,0,0,0,0,0,0,0,0,0,0,0,0,0,0,fast,0,,,,,,,-9.053336595569936
1422,student_club,SELECT DISTINCT T2.category FROM event AS T1 INNER JOIN budget AS T2 ON T1.event_id = T2.link_to_event WHERE T1.location = 'MU 215',simple,0.0001879000046756,21,131,1,2,1,0,0,0,1,0,0,0,0,0,0,0,0,0,0,0,0,0,0,0,0,fast,0,,,,,,,-8.579600626661406
1426,student_club,"SELECT T2.last_name, T1.department, T1.college FROM major AS T1 INNER JOIN member AS T2 ON T1.major_id = T2.link_to_major WHERE T2.position = 'Member' AND T1.major_name = 'Environmental Engineering'",moderate,0.0002294000005349,26,198,1,2,2,0,0,0,0,0,0,0,0,0,0,0,0,0,0,0,0,0,0,0,0,fast,0,,,,,,,-8.38004335093727
1427,student_club,"SELECT DISTINCT T2.category, T1.type FROM event AS T1 INNER JOIN budget AS T2 ON T1.event_id = T2.link_to_event WHERE T1.location = 'MU 215' AND T2.spent = 0 AND T1.type = 'Guest Speaker'",moderate,0.0001756999990902,31,187,1,2,3,0,0,0,1,0,0,0,0,0,0,0,0,0,0,0,0,0,0,0,0,fast,0,,,,,,,-8.646732567949368
1432,student_club,SELECT CAST(SUM(CASE WHEN T2.amount = 50 THEN 1.0 ELSE 0 END) AS REAL) * 100 / COUNT(T2.income_id) FROM member AS T1 INNER JOIN income AS T2 ON T1.member_id = T2.link_to_member WHERE T1.position = 'Member' AND T1.t_shirt_size = 'Medium',moderate,0.0001190000039059,38,236,1,2,2,0,0,0,0,0,0,0,0,2,1,1,0,0,0,2,0,0,0,0,0,fast,0,,,,,,,-9.036387032030056
1435,student_club,"SELECT DISTINCT event_name FROM event WHERE type = 'Game' AND date(SUBSTR(event_date, 1, 10)) BETWEEN '2019-03-15' AND '2020-03-20' AND status = 'Closed'",moderate,0.0001060999929904,21,153,0,1,4,0,0,0,1,0,0,0,0,2,0,0,0,0,0,0,1,0,0,0,0,fast,0,,,,,,,-9.151128578410315
1457,student_club,"SELECT DISTINCT T3.first_name, T3.last_name, T3.phone FROM expense AS T1 INNER JOIN budget AS T2 ON T1.link_to_budget = T2.budget_id INNER JOIN member AS T3 ON T3.member_id = T1.link_to_member WHERE T1.cost > ( SELECT AVG(T1.cost) FROM expense AS T1 INNER JOIN budget AS T2 ON T1.link_to_budget = T2.budget_id INNER JOIN member AS T3 ON T3.member_id = T1.link_to_member )",challenging,0.0001462000072933,56,371,4,5,1,0,0,0,1,0,0,1,1,2,0,0,1,0,0,1,0,0,0,0,0,fast,0,,,,,,,-8.830534960762824
1460,student_club,"SELECT T2.first_name, T2.last_name, T1.cost FROM expense AS T1 INNER JOIN member AS T2 ON T1.link_to_member = T2.member_id WHERE T1.expense_description = 'Water, Veggie tray, supplies'",challenging,8.289999095723033e-05,24,184,1,2,1,0,0,0,0,0,0,0,0,0,0,0,0,0,0,0,0,0,0,0,0,fast,0,,,,,,,-9.397875604903485
1464,student_club,"SELECT DISTINCT T3.first_name, T3.last_name, T4.amount FROM event AS T1 INNER JOIN attendance AS T2 ON T1.event_id = T2.link_to_event INNER JOIN member AS T3 ON T3.member_id = T2.link_to_member INNER JOIN income AS T4 ON T4.link_to_member = T3.member_id WHERE T4.date_received = '2019-09-09'",challenging,0.000412099994719,40,291,3,4,1,0,0,0,1,0,0,0,0,0,0,0,0,0,0,0,0,0,0,0,0,fast,0,,,,,,,-7.7942445324343534
1149,thrombosis_prediction,SELECT CAST(SUM(CASE WHEN Admission = '+' THEN 1 ELSE 0 END) AS REAL) * 100 / SUM(CASE WHEN Admission = '-' THEN 1 ELSE 0 END) FROM Patient WHERE SEX = 'M',moderate,0.0003337999951327,32,155,0,1,1,0,0,0,0,0,0,0,0,2,0,2,0,0,0,2,0,0,0,0,0,fast,0,,,,,,,-8.004968561318025
1150,thrombosis_prediction,"SELECT CAST(SUM(CASE WHEN STRFTIME('%Y', Birthday) > '1930' THEN 1 ELSE 0 END) AS REAL) * 100 / COUNT(*) FROM Patient WHERE SEX = 'F'",moderate,0.0007849999965401,24,133,0,1,1,0,0,0,0,0,0,0,0,3,1,1,0,0,0,2,0,0,0,0,0,fast,0,,,,,,,-7.149826844589382
1152,thrombosis_prediction,SELECT SUM(CASE WHEN Admission = '+' THEN 1.0 ELSE 0 END) / SUM(CASE WHEN Admission = '-' THEN 1 ELSE 0 END) FROM Patient WHERE Diagnosis = 'SLE',moderate,0.0003322999982628,28,145,0,1,1,0,0,0,0,0,0,0,0,1,0,2,0,0,0,2,0,0,0,0,0,fast,0,,,,,,,-8.009472387831531
1153,thrombosis_prediction,"SELECT T1.Diagnosis, T2.Date FROM Patient AS T1 INNER JOIN Laboratory AS T2 ON T1.ID = T2.ID WHERE T1.ID = 30609",simple,0.000154499997734,20,112,1,2,1,0,0,0,0,0,0,0,0,0,0,0,0,0,0,0,0,0,0,0,0,fast,0,,,,,,,-8.77531647629314
1156,thrombosis_prediction,"SELECT DISTINCT T1.ID, STRFTIME('%Y', CURRENT_TIMESTAMP) - STRFTIME('%Y', T1.Birthday) FROM Patient AS T1 INNER JOIN Examination AS T2 ON T1.ID = T2.ID WHERE T2.RVVT = '+'",moderate,0.0001546999992569,25,171,1,2,1,0,0,0,1,0,0,0,0,1,0,0,0,0,0,0,0,0,0,0,0,fast,0,,,,,,,-8.774022805188745
1157,thrombosis_prediction,"SELECT DISTINCT T1.ID, T1.SEX, T1.Diagnosis FROM Patient AS T1 INNER JOIN Examination AS T2 ON T1.ID = T2.ID WHERE T2.Thrombosis = 2",simple,0.0001129000011133,22,132,1,2,1,0,0,0,1,0,0,0,0,0,0,0,0,0,0,0,0,0,0,0,0,fast,0,,,,,,,-9.089008076947719
1162,thrombosis_prediction,"SELECT COUNT(*) FROM Patient WHERE STRFTIME('%Y', Description) = '1997' AND SEX = 'F' AND Admission = '-'",moderate,0.0005264999927021,17,105,0,1,3,0,0,0,0,0,0,0,0,1,1,0,0,0,0,1,0,0,0,0,0,fast,0,,,,,,,-7.549259240251403
1164,thrombosis_prediction,"SELECT  COUNT(*) FROM Patient AS T1 INNER JOIN Examination AS T2 ON T1.ID = T2.ID WHERE T1.SEX = 'F' AND STRFTIME('%Y', T2.`Examination Date`) = '1997' AND T2.Thrombosis = 1",moderate,0.0001921999937621,29,173,1,2,3,0,0,0,0,0,0,0,0,1,1,0,0,0,0,1,0,0,0,0,0,fast,0,,,,,,,-8.556974093883337
1166,thrombosis_prediction,"SELECT T2.Symptoms, T1.Diagnosis FROM Patient AS T1 INNER JOIN Examination AS T2 ON T1.ID = T2.ID WHERE T2.Symptoms IS NOT NULL ORDER BY T1.Birthday DESC LIMIT 1",simple,0.0001371999969705,27,161,1,2,1,0,1,0,0,1,0,0,0,0,0,0,0,0,0,0,0,0,0,0,0,fast,0,,,,,,,-8.894070864753393
1168,thrombosis_prediction,"SELECT T1.Date, STRFTIME('%Y', T2.`First Date`) - STRFTIME('%Y', T2.Birthday),T2.Birthday FROM Laboratory AS T1 INNER JOIN Patient AS T2 ON T1.ID = T2.ID WHERE T2.Diagnosis = 'SJS' AND T2.Birthday IS NOT NULL ORDER BY T2.Birthday ASC LIMIT 1",challenging,0.0006605000089621,36,241,1,2,2,0,1,0,0,1,0,0,0,1,0,0,0,0,0,0,0,0,0,0,0,fast,0,,,,,,,-7.322513420433234
1171,thrombosis_prediction,"SELECT COUNT(T1.ID) FROM Patient AS T1 INNER JOIN Examination AS T2 ON T1.ID = T2.ID WHERE STRFTIME('%Y', T2.`Examination Date`) BETWEEN '1990' AND '1993' AND STRFTIME('%Y', T2.`Examination Date`) - STRFTIME('%Y', T1.Birthday) < 18",challenging,0.0002375000040046,32,231,1,2,3,0,0,0,0,0,0,0,0,1,1,0,0,0,0,1,1,0,0,0,0,fast,0,,,,,,,-8.345342917628104
1179,thrombosis_prediction,"SELECT `aCL IgA`, `aCL IgG`, `aCL IgM` FROM Examination WHERE ID IN ( SELECT ID FROM Patient WHERE Diagnosis = 'SLE' AND Description = '1994-02-19' ) AND `Examination Date` = '1993-11-12'",moderate,0.000358999997843,31,187,0,1,3,0,0,0,0,0,0,1,1,1,0,0,0,0,0,0,0,1,0,0,1,fast,0,,,,,,,-7.9321881754843515
1185,thrombosis_prediction,SELECT CAST((SUM(CASE WHEN T2.Date LIKE '1981-11-%' THEN T2.`T-CHO` ELSE 0 END) - SUM(CASE WHEN T2.Date LIKE '1981-12-%' THEN T2.`T-CHO` ELSE 0 END)) AS REAL) / SUM(CASE WHEN T2.Date LIKE '1981-12-%' THEN T2.`T-CHO` ELSE 0 END) FROM Patient AS T1 INNER JOIN Laboratory AS T2 ON T1.ID = T2.ID WHERE T1.Birthday = '1959-02-18',challenging,0.0003494999982649,52,324,1,2,1,0,0,0,0,0,0,0,0,3,0,3,0,0,0,3,0,0,1,0,0,fast,0,,,,,,,-7.95900700125493
1189,thrombosis_prediction,SELECT COUNT(*) FROM Examination WHERE Thrombosis = 2 AND `ANA Pattern` = 'S' AND `aCL IgM` > (SELECT AVG(`aCL IgM`) * 1.2 FROM Examination WHERE Thrombosis = 2 AND `ANA Pattern` = 'S'),challenging,0.0001887000107672,33,185,0,1,4,0,0,0,0,0,0,1,1,2,1,0,1,0,0,2,0,0,0,0,1,fast,0,,,,,,,-8.575352048529888
1198,thrombosis_prediction,SELECT COUNT(ID) FROM Patient WHERE SEX = 'F' AND Diagnosis = 'APS',simple,0.0004136999923503,12,67,0,1,2,0,0,0,0,0,0,0,0,1,1,0,0,0,0,1,0,0,0,0,0,fast,0,,,,,,,-7.790369502987844
1201,thrombosis_prediction,"SELECT CAST(SUM(CASE WHEN SEX = 'F' THEN 1 ELSE 0 END) AS REAL) * 100 / COUNT(ID) FROM Patient WHERE Diagnosis = 'RA' AND STRFTIME('%Y', Birthday) = '1980'",moderate,0.0004746999911731,28,155,0,1,2,0,0,0,0,0,0,0,0,2,1,1,0,0,0,2,0,0,0,0,0,fast,0,,,,,,,-7.652827551001693
1205,thrombosis_prediction,SELECT CASE WHEN (T1.SEX = 'F' AND T2.UA > 6.5) OR (T1.SEX = 'M' AND T2.UA > 8.0) THEN true ELSE false END FROM Patient AS T1 INNER JOIN Laboratory AS T2 ON T1.ID = T2.ID WHERE T1.ID = 57266,moderate,0.0002561000001151,40,190,1,2,1,0,0,0,0,0,0,0,0,1,0,0,0,0,0,0,0,0,0,0,0,fast,0,,,,,,,-8.26994256430936
1252,thrombosis_prediction,SELECT COUNT(T1.ID) FROM Patient AS T1 INNER JOIN Laboratory AS T2 ON T1.ID = T2.ID INNER JOIN Examination AS T3 ON T3.ID = T2.ID WHERE T2.IGG BETWEEN 900 AND 2000 AND T3.Symptoms IS NOT NULL,moderate,0.0001812000118661,35,191,2,3,3,0,0,0,0,0,0,0,0,1,1,0,0,0,0,1,1,0,0,0,0,fast,0,,,,,,,-8.615909098869194
1267,thrombosis_prediction,"SELECT COUNT(T1.ID) FROM Examination AS T1 INNER JOIN Laboratory AS T2 ON T1.ID = T2.ID WHERE T2.SM IN ('negative','0') AND T1.Thrombosis = 0",moderate,0.0007955999899422,23,141,1,2,2,0,0,0,0,0,0,0,0,1,1,0,0,0,0,1,0,1,0,0,0,fast,0,,,,,,,-7.136414023626237
1302,thrombosis_prediction,SELECT COUNT(T1.ID) FROM Patient AS T1 INNER JOIN Laboratory AS T2 ON T1.ID = T2.ID INNER JOIN Examination AS T3 ON T1.ID = T3.ID WHERE T2.CPK < 250 AND (T3.KCT = '+' OR T3.RVVT = '+' OR T3.LAC = '+'),challenging,0.0002264000067953,40,200,2,3,4,0,0,0,0,0,0,0,0,1,1,0,0,0,0,1,0,0,0,0,0,fast,0,,,,,,,-8.39320718162067
1048,european_football_2,"SELECT t2.overall_rating FROM Player AS t1 INNER JOIN Player_Attributes AS t2 ON t1.player_api_id = t2.player_api_id WHERE t1.player_name = 'Gabriel Tamas' AND strftime('%Y', t2.date) = '2011'",simple,1.03310380000039,25,192,1,2,2,0,0,0,0,0,0,0,0,1,0,0,0,0,0,0,0,0,0,0,0,slow,1,,,,,,,0.03256766911680287
1057,european_football_2,SELECT CAST(SUM(t2.home_team_goal) AS REAL) / COUNT(t2.id) FROM Country AS t1 INNER JOIN Match AS t2 ON t1.id = t2.country_id WHERE t1.name = 'Poland' AND t2.season = '2010/2011',moderate,0.4896779999980936,27,178,1,2,2,0,0,0,0,0,0,0,0,2,1,1,0,0,0,2,0,0,0,0,0,slow,1,,,,,,,-0.7140072467515076
1058,european_football_2,"SELECT A FROM ( SELECT AVG(finishing) result, 'Max' A FROM Player AS T1 INNER JOIN Player_Attributes AS T2 ON T1.player_api_id = T2.player_api_id WHERE T1.height = ( SELECT MAX(height) FROM Player ) UNION SELECT AVG(finishing) result, 'Min' A FROM Player AS T1 INNER JOIN Player_Attributes AS T2 ON T1.player_api_id = T2.player_api_id WHERE T1.height = ( SELECT MIN(height) FROM Player ) ) ORDER BY result DESC LIMIT 1",challenging,2.540575799997896,66,418,2,3,1,0,1,0,0,1,1,4,1,3,0,0,2,1,1,4,0,0,0,0,1,slow,1,,,,,,,0.9323907482520469
1068,european_football_2,"SELECT CAST(SUM(t2.overall_rating) AS REAL) / COUNT(t2.id) FROM Player AS t1 INNER JOIN Player_Attributes AS t2 ON t1.player_api_id = t2.player_api_id WHERE t1.height > 170 AND STRFTIME('%Y',t2.`date`) >= '2010' AND STRFTIME('%Y',t2.`date`) <= '2015'",moderate,1.6566142000083346,31,250,1,2,3,0,0,0,0,0,0,0,0,2,1,1,0,0,0,2,0,0,0,0,0,slow,1,,,,,,,0.5047758809238324
1076,european_football_2,SELECT CAST(SUM(CASE WHEN t1.player_name = 'Abdou Diallo' THEN t2.ball_control ELSE 0 END) AS REAL) / COUNT(CASE WHEN t1.player_name = 'Abdou Diallo' THEN t2.id ELSE NULL END) - CAST(SUM(CASE WHEN t1.player_name = 'Aaron Appindangoye' THEN t2.ball_control ELSE 0 END) AS REAL) / COUNT(CASE WHEN t1.player_name = 'Aaron Appindangoye' THEN t2.id ELSE NULL END) FROM Player AS t1 INNER JOIN Player_Attributes AS t2 ON t1.player_api_id = t2.player_api_id,challenging,0.8049574000033317,65,450,1,2,0,0,0,0,0,0,0,0,0,2,2,2,0,0,0,4,0,0,0,0,0,slow,1,,,,,,,-0.21696592221436622
1084,european_football_2,"SELECT COUNT(DISTINCT t1.player_name) FROM Player AS t1 INNER JOIN Player_Attributes AS t2 ON t1.player_api_id = t2.player_api_id WHERE STRFTIME('%Y',t1.birthday) < '1986' AND t2.defensive_work_rate = 'high'",challenging,0.6178931000031298,24,207,1,2,2,0,0,0,1,0,0,0,0,1,1,0,0,0,0,1,0,0,0,0,0,slow,1,,,,,,,-0.4814398138279659
1094,european_football_2,SELECT (SUM(CASE WHEN t1.player_name = 'Ariel Borysiuk' THEN t2.overall_rating ELSE 0 END) * 1.0 - SUM(CASE WHEN t1.player_name = 'Paulin Puel' THEN t2.overall_rating ELSE 0 END)) * 100 / SUM(CASE WHEN t1.player_name = 'Paulin Puel' THEN t2.overall_rating ELSE 0 END) FROM Player AS t1 INNER JOIN Player_Attributes AS t2 ON t1.player_api_id = t2.player_api_id,challenging,0.9794784000114304,53,359,1,2,0,0,0,0,0,0,0,0,0,2,0,3,0,0,0,3,0,0,0,0,0,slow,1,,,,,,,-0.020735093896403472
1096,european_football_2,SELECT CAST(SUM(t2.overall_rating) AS REAL) / COUNT(t2.id) FROM Player AS t1 INNER JOIN Player_Attributes AS t2 ON t1.player_api_id = t2.player_api_id WHERE t1.player_name = 'Pietro Marino',moderate,0.8015938000025926,24,189,1,2,1,0,0,0,0,0,0,0,0,2,1,1,0,0,0,2,0,0,0,0,0,slow,1,,,,,,,-0.22115328320915215
1103,european_football_2,"SELECT t2.overall_rating FROM Player AS t1 INNER JOIN Player_Attributes AS t2 ON t1.player_api_id = t2.player_api_id WHERE SUBSTR(t2.`date`, 1, 10) = '2016-02-04' AND t1.player_name = 'Aaron Mooy'",moderate,0.7977000999962911,26,196,1,2,2,0,0,0,0,0,0,0,0,1,0,0,0,0,0,0,0,0,0,0,0,slow,1,,,,,,,-0.2260225667092994
1107,european_football_2,"SELECT `date` FROM ( SELECT t2.crossing, t2.`date` FROM Player AS t1 INNER JOIN Player_Attributes AS t2 ON t1.player_fifa_api_id = t2.player_fifa_api_id WHERE t1.player_name = 'Kevin Constant' ORDER BY t2.crossing DESC) ORDER BY date DESC LIMIT 1",moderate,0.4962508000025991,35,246,1,2,1,0,1,0,0,1,0,1,1,1,0,0,0,0,0,0,0,0,0,0,0,slow,1,,,,,,,-0.7006738348861188
1114,european_football_2,"SELECT CAST(SUM(t2.overall_rating) AS REAL) / COUNT(t2.id) FROM Player AS t1 INNER JOIN Player_Attributes AS t2 ON t1.player_fifa_api_id = t2.player_fifa_api_id WHERE t1.player_name = 'Marko Arnautovic' AND SUBSTR(t2.`date`, 1, 10) BETWEEN '2007-02-22' AND '2016-04-21'",challenging,4.163627999994787,32,269,1,2,3,0,0,0,0,0,0,0,0,2,1,1,0,0,0,2,1,0,0,0,0,slow,1,,,,,,,1.4263868095848748
1115,european_football_2,"SELECT (SUM(CASE WHEN t1.player_name = 'Landon Donovan' THEN t2.overall_rating ELSE 0 END) * 1.0 - SUM(CASE WHEN t1.player_name = 'Jordan Bowery' THEN t2.overall_rating ELSE 0 END)) * 100 / SUM(CASE WHEN t1.player_name = 'Landon Donovan' THEN t2.overall_rating ELSE 0 END) LvsJ_percent FROM Player AS t1 INNER JOIN Player_Attributes AS t2 ON t1.player_fifa_api_id = t2.player_fifa_api_id WHERE SUBSTR(t2.`date`, 1, 10) = '2013-07-12'",challenging,2.2822250000026543,60,433,1,2,1,0,0,0,0,0,0,0,0,2,0,3,0,0,0,3,0,0,0,0,0,slow,1,,,,,,,0.8251508443019082
1122,european_football_2,SELECT DISTINCT t1.player_name FROM Player AS t1 INNER JOIN Player_Attributes AS t2 ON t1.player_api_id = t2.player_api_id WHERE t2.overall_rating = (SELECT MAX(overall_rating) FROM Player_Attributes),simple,2.817743599996902,23,200,1,2,1,0,0,0,1,0,0,1,1,2,0,0,0,1,0,1,0,0,0,0,0,slow,1,,,,,,,1.0359364228206058
1135,european_football_2,SELECT id FROM Player_Attributes WHERE preferred_foot = 'right' ORDER BY potential ASC LIMIT 4,moderate,0.4657039000012446,14,94,0,1,1,0,1,0,0,1,0,0,0,0,0,0,0,0,0,0,0,0,0,0,0,slow,1,,,,,,,-0.7642052545361838
1136,european_football_2,SELECT COUNT(t1.id) FROM Player_Attributes AS t1 WHERE t1.preferred_foot = 'left' AND t1.crossing = ( SELECT MAX(crossing) FROM Player_Attributes),moderate,1.9504524000076344,18,146,0,1,2,0,0,0,0,0,0,1,1,2,1,0,0,1,0,2,0,0,0,0,0,slow,1,,,,,,,0.6680613456717313
850,formula_1,SELECT DISTINCT T2.name FROM circuits AS T1 INNER JOIN races AS T2 ON T2.circuitID = T1.circuitId WHERE T1.country = 'Germany',simple,0.0009908000065479,20,126,1,2,1,0,0,0,1,0,0,0,0,0,0,0,0,0,0,0,0,0,0,0,0,fast,0,,,,,,,-6.916997853740369
854,formula_1,"SELECT DISTINCT T1.lat, T1.lng FROM circuits AS T1 INNER JOIN races AS T2 ON T2.circuitID = T1.circuitId WHERE T2.name = 'Australian Grand Prix'",simple,0.0005322999932104,23,144,1,2,1,0,0,0,1,0,0,0,0,0,0,0,0,0,0,0,0,0,0,0,0,fast,0,,,,,,,-7.538303330540776
857,formula_1,"SELECT DISTINCT T1.lat, T1.lng FROM circuits AS T1 INNER JOIN races AS T2 ON T2.circuitID = T1.circuitId WHERE T2.name = 'Abu Dhabi Grand Prix'",simple,0.0004252000071574,24,143,1,2,1,0,0,0,1,0,0,0,0,0,0,0,0,0,0,0,0,0,0,0,0,fast,0,,,,,,,-7.7629508946634616
861,formula_1,SELECT T2.number FROM qualifying AS T1 INNER JOIN drivers AS T2 ON T2.driverId = T1.driverId WHERE T1.raceId = 903 AND T1.q3 LIKE '1:54%',simple,0.0008964000007836,23,137,1,2,2,0,0,0,0,0,0,0,0,0,0,0,0,0,0,0,0,0,1,0,0,fast,0,,,,,,,-7.017123815163339
866,formula_1,"SELECT DISTINCT T2.forename, T2.surname, T2.url FROM lapTimes AS T1 INNER JOIN drivers AS T2 ON T2.driverId = T1.driverId WHERE T1.raceId = 161 AND T1.time LIKE '1:27%'",moderate,0.0007836000004317,26,168,1,2,2,0,0,0,1,0,0,0,0,0,0,0,0,0,0,0,0,0,1,0,0,fast,0,,,,,,,-7.151611871342969
868,formula_1,"SELECT DISTINCT T1.lat, T1.lng FROM circuits AS T1 INNER JOIN races AS T2 ON T2.circuitID = T1.circuitId WHERE T2.name = 'Malaysian Grand Prix'",simple,0.0004398000019136,23,143,1,2,1,0,0,0,1,0,0,0,0,0,0,0,0,0,0,0,0,0,0,0,0,fast,0,,,,,,,-7.729190475492545
875,formula_1,SELECT T2.url FROM races AS T1 INNER JOIN seasons AS T2 ON T2.year = T1.year WHERE T1.raceId = 901,simple,0.0001487000117776,19,98,1,2,1,0,0,0,0,0,0,0,0,0,0,0,0,0,0,0,0,0,0,0,0,fast,0,,,,,,,-8.813579625294402
898,formula_1,"SELECT STRFTIME('%Y', CURRENT_TIMESTAMP) - STRFTIME('%Y', dob), forename , surname FROM drivers WHERE nationality = 'Japanese' ORDER BY dob DESC LIMIT 1",simple,0.0005200000014156,21,152,0,1,1,0,1,0,0,1,0,0,0,1,0,0,0,0,0,0,0,0,0,0,0,fast,0,,,,,,,-7.561681743666493
901,formula_1,"SELECT DISTINCT T2.name, T1.name, T1.location FROM circuits AS T1 INNER JOIN races AS T2 ON T2.circuitID = T1.circuitId WHERE T2.year = 2005 AND STRFTIME('%m', T2.date) = '09'",simple,0.0004274999955669,27,175,1,2,2,0,0,0,1,0,0,0,0,1,0,0,0,0,0,0,0,0,0,0,0,fast,0,,,,,,,-7.757556279957284
909,formula_1,SELECT CAST(COUNT(CASE WHEN T1.country = 'Germany' THEN T2.circuitID END) AS REAL) * 100 / COUNT(T2.circuitId) FROM circuits AS T1 INNER JOIN races AS T2 ON T2.circuitID = T1.circuitId WHERE T2.name = 'European Grand Prix',moderate,0.0007118999928934,34,222,1,2,1,0,0,0,0,0,0,0,0,2,2,0,0,0,0,2,0,0,0,0,0,fast,0,,,,,,,-7.247573115837028
910,formula_1,"SELECT lat, lng FROM circuits WHERE name = 'Silverstone Circuit'",simple,0.0001516000047558,10,64,0,1,1,0,0,0,0,0,0,0,0,0,0,0,0,0,0,0,0,0,0,0,0,fast,0,,,,,,,-8.79426505338529
912,formula_1,SELECT circuitRef FROM circuits WHERE name = 'Marina Bay Street Circuit',simple,0.000144799996633,11,72,0,1,1,0,0,0,0,0,0,0,0,0,0,0,0,0,0,0,0,0,0,0,0,fast,0,,,,,,,-8.84015710126542
915,formula_1,SELECT nationality FROM drivers WHERE dob IS NOT NULL ORDER BY dob ASC LIMIT 1,simple,0.0004986999992979,15,78,0,1,1,0,1,0,0,1,0,0,0,0,0,0,0,0,0,0,0,0,0,0,0,fast,0,,,,,,,-7.603505846820058
945,formula_1,SELECT COUNT(circuitId) FROM circuits WHERE location = 'Adelaide' AND country = 'Australia',simple,0.0001780000020517,12,91,0,1,2,0,0,0,0,0,0,0,0,1,1,0,0,0,0,1,0,0,0,0,0,fast,0,,,,,,,-8.633726996145784
963,formula_1,"SELECT COUNT(T1.driverId) FROM drivers AS T1 INNER JOIN lapTimes AS T2 on T1.driverId = T2.driverId WHERE T1.nationality = 'French' AND (CAST(SUBSTR(T2.time, 1, 2) AS INTEGER) * 60 + CAST(SUBSTR(T2.time, 4, 2) AS INTEGER) + CAST(SUBSTR(T2.time, 7, 2) AS REAL) / 1000) < 120",moderate,0.6287502999912249,43,273,1,2,2,0,0,0,0,0,0,0,0,3,1,0,0,0,0,1,0,0,0,0,0,slow,1,,,,,,,-0.4640210804450814
964,formula_1,SELECT code FROM drivers WHERE Nationality = 'American',simple,0.0007500000065192,8,55,0,1,1,0,0,0,0,0,0,0,0,0,0,0,0,0,0,0,0,0,0,0,0,fast,0,,,,,,,-7.195437342741651
967,formula_1,SELECT COUNT(*) FROM ( SELECT T1.nationality FROM drivers AS T1 ORDER BY JULIANDAY(T1.dob) DESC LIMIT 3) AS T3 WHERE T3.nationality = 'Dutch',simple,0.0007046000100672,22,141,0,1,1,0,1,0,0,1,0,1,1,2,1,0,0,0,0,1,0,0,0,0,0,fast,0,,,,,,,-7.257880277769314
971,formula_1,SELECT driverRef FROM drivers WHERE nationality = 'German' ORDER BY JULIANDAY(dob) ASC LIMIT 1,simple,0.0006769000028725,14,94,0,1,1,0,1,0,0,1,0,0,0,1,0,0,0,0,0,0,0,0,0,0,0,fast,0,,,,,,,-7.297987002206102
978,formula_1,"SELECT DISTINCT location, lat, lng FROM circuits WHERE country = 'Austria'",simple,0.0003292000037617,11,74,0,1,1,0,0,0,1,0,0,0,0,0,0,0,0,0,0,0,0,0,0,0,0,fast,0,,,,,,,-8.018845077734568
1011,formula_1,"WITH lap_times_in_seconds AS (SELECT driverId, (CASE WHEN SUBSTR(time, 1, INSTR(time, ':') - 1) <> '' THEN CAST(SUBSTR(time, 1, INSTR(time, ':') - 1) AS REAL) * 60 ELSE 0 END + CASE WHEN SUBSTR(time, INSTR(time, ':') + 1, INSTR(time, '.') - INSTR(time, ':') - 1) <> '' THEN CAST(SUBSTR(time, INSTR(time, ':') + 1, INSTR(time, '.') - INSTR(time, ':') - 1) AS REAL) ELSE 0 END + CASE WHEN SUBSTR(time, INSTR(time, '.') + 1) <> '' THEN CAST(SUBSTR(time, INSTR(time, '.') + 1) AS REAL) / 1000 ELSE 0 END) AS time_in_seconds FROM lapTimes) SELECT T2.forename, T2.surname, T1.driverId FROM (SELECT driverId, MIN(time_in_seconds) AS min_time_in_seconds FROM lap_times_in_seconds GROUP BY driverId) AS T1 INNER JOIN drivers AS T2 ON T1.driverId = T2.driverId ORDER BY T1.min_time_in_seconds ASC LIMIT 20",challenging,2.853098200008389,123,795,1,2,0,1,1,0,0,1,0,2,1,5,0,0,0,0,1,1,0,0,0,0,0,slow,1,,,,,,,1.0484054915508196
1014,formula_1,"WITH fastest_lap_times AS (SELECT T1.raceId, T1.FastestLapTime, (CAST(SUBSTR(T1.FastestLapTime, 1, INSTR(T1.FastestLapTime, ':') - 1) AS REAL) * 60) + (CAST(SUBSTR(T1.FastestLapTime, INSTR(T1.FastestLapTime, ':') + 1, INSTR(T1.FastestLapTime, '.') - INSTR(T1.FastestLapTime, ':') - 1) AS REAL)) + (CAST(SUBSTR(T1.FastestLapTime, INSTR(T1.FastestLapTime, '.') + 1) AS REAL) / 1000) as time_in_seconds FROM results AS T1 WHERE T1.FastestLapTime IS NOT NULL ) SELECT T1.FastestLapTime as lap_record FROM results AS T1 INNER JOIN races AS T2 on T1.raceId = T2.raceId INNER JOIN circuits AS T3 on T2.circuitId = T3.circuitId INNER JOIN (SELECT MIN(fastest_lap_times.time_in_seconds) as min_time_in_seconds FROM fastest_lap_times INNER JOIN races AS T2 on fastest_lap_times.raceId = T2.raceId INNER JOIN circuits AS T3 on T2.circuitId = T3.circuitId WHERE T3.country = 'Italy' ) AS T4 ON (CAST(SUBSTR(T1.FastestLapTime, 1, INSTR(T1.FastestLapTime, ':') - 1) AS REAL) * 60) + (CAST(SUBSTR(T1.FastestLapTime, INSTR(T1.FastestLapTime, ':') + 1, INSTR(T1.FastestLapTime, '.') - INSTR(T1.FastestLapTime, ':') - 1) AS REAL)) + (CAST(SUBSTR(T1.FastestLapTime, INSTR(T1.FastestLapTime, '.') + 1) AS REAL) / 1000) = T4.min_time_in_seconds LIMIT 1",challenging,4.145641099996283,152,1231,5,6,1,0,0,0,0,1,0,2,1,5,0,0,0,0,1,1,0,0,0,0,1,slow,1,,,,,,,1.4220574449014873
724,superhero,SELECT T1.superhero_name FROM superhero AS T1 INNER JOIN colour AS T2 ON T1.eye_colour_id = T2.id INNER JOIN colour AS T3 ON T1.hair_colour_id = T3.id WHERE T2.colour = 'Blue' AND T3.colour = 'Blond',challenging,0.0005635999987134,32,199,2,3,2,0,0,0,0,0,0,0,0,0,0,0,0,0,0,0,0,0,0,0,0,fast,0,,,,,,,-7.4811657802225735
728,superhero,"SELECT colour.colour AS EyeColor, COUNT(superhero.id) AS Count, RANK() OVER (ORDER BY COUNT(superhero.id) DESC) AS PopularityRank FROM superhero INNER JOIN colour ON superhero.eye_colour_id = colour.id INNER JOIN publisher ON superhero.publisher_id = publisher.id WHERE publisher.publisher_name = 'Marvel Comics' GROUP BY colour.colour",moderate,0.0008724000072106,39,335,2,3,1,1,1,0,0,0,0,0,0,2,2,0,0,0,0,2,0,0,0,0,0,fast,0,,,,,,,-7.044262515371555
733,superhero,SELECT COUNT(T1.id) FROM superhero AS T1 INNER JOIN publisher AS T2 ON T1.publisher_id = T2.id INNER JOIN colour AS T3 ON T1.eye_colour_id = T3.id WHERE T2.publisher_name = 'Marvel Comics' AND T3.colour = 'Gold',moderate,0.0004656000091927,33,211,2,3,2,0,0,0,0,0,0,0,0,1,1,0,0,0,0,1,0,0,0,0,0,fast,0,,,,,,,-7.672183641803275
737,superhero,SELECT T2.race FROM superhero AS T1 INNER JOIN race AS T2 ON T1.race_id = T2.id WHERE T1.superhero_name = 'Copycat',simple,0.0002488000027369,19,115,1,2,1,0,0,0,0,0,0,0,0,0,0,0,0,0,0,0,0,0,0,0,0,fast,0,,,,,,,-8.298861186098847
740,superhero,SELECT COUNT(T1.id) FROM superhero AS T1 INNER JOIN hero_attribute AS T2 ON T1.id = T2.hero_id INNER JOIN attribute AS T3 ON T2.attribute_id = T3.id INNER JOIN gender AS T4 ON T1.gender_id = T4.id WHERE T3.attribute_name = 'Strength' AND T2.attribute_value = 100 AND T4.gender = 'Female',moderate,0.0006804000004194,45,287,3,4,3,0,0,0,0,0,0,0,0,1,1,0,0,0,0,1,0,0,0,0,0,fast,0,,,,,,,-7.292829696826165
743,superhero,"SELECT (CAST(COUNT(*) AS REAL) * 100 / (SELECT COUNT(*) FROM superhero)), CAST(SUM(CASE WHEN T2.publisher_name = 'Marvel Comics' THEN 1 ELSE 0 END) AS REAL) FROM superhero AS T1 INNER JOIN publisher AS T2 ON T1.publisher_id = T2.id INNER JOIN alignment AS T3 ON T3.id = T1.alignment_id WHERE T3.alignment = 'Bad'",challenging,0.0006204999954206,50,312,2,3,1,0,0,0,0,0,0,1,1,3,2,1,0,0,0,3,0,0,0,0,0,fast,0,,,,,,,-7.384984960699789
744,superhero,SELECT SUM(CASE WHEN T2.publisher_name = 'Marvel Comics' THEN 1 ELSE 0 END) - SUM(CASE WHEN T2.publisher_name = 'DC Comics' THEN 1 ELSE 0 END) FROM superhero AS T1 INNER JOIN publisher AS T2 ON T1.publisher_id = T2.id,challenging,0.000484599993797,37,217,1,2,0,0,0,0,0,0,0,0,0,1,0,2,0,0,0,2,0,0,0,0,0,fast,0,,,,,,,-7.632186762382097
745,superhero,SELECT id FROM publisher WHERE publisher_name = 'Star Trek',simple,0.0001945000112755,9,59,0,1,1,0,0,0,0,0,0,0,0,0,0,0,0,0,0,0,0,0,0,0,0,fast,0,,,,,,,-8.545078336934052
747,superhero,SELECT COUNT(id) FROM superhero WHERE full_name IS NULL,simple,0.0004294999962439,8,55,0,1,1,0,0,0,0,0,0,0,0,1,1,0,0,0,0,1,0,0,0,0,0,fast,0,,,,,,,-7.7528888252852495
750,superhero,SELECT AVG(T1.weight_kg) FROM superhero AS T1 INNER JOIN gender AS T2 ON T1.gender_id = T2.id WHERE T2.gender = 'Female',simple,0.0003697000065585,19,120,1,2,1,0,0,0,0,0,0,0,0,1,0,0,1,0,0,1,0,0,0,0,0,fast,0,,,,,,,-7.902818674281629
751,superhero,SELECT T3.power_name FROM superhero AS T1 INNER JOIN hero_power AS T2 ON T1.id = T2.hero_id INNER JOIN superpower AS T3 ON T3.id = T2.power_id INNER JOIN gender AS T4 ON T4.id = T1.gender_id WHERE T4.gender = 'Male' LIMIT 5,moderate,0.0004231000057188,39,223,3,4,1,0,0,0,0,1,0,0,0,0,0,0,0,0,0,0,0,0,0,0,0,fast,0,,,,,,,-7.767901986721826
753,superhero,SELECT DISTINCT T1.superhero_name FROM superhero AS T1 INNER JOIN colour AS T2 ON T1.eye_colour_id = T2.id WHERE T1.height_cm BETWEEN 170 AND 190 AND T2.colour = 'No Colour',moderate,0.0004260999994585,27,173,1,2,3,0,0,0,1,0,0,0,0,0,0,0,0,0,0,0,1,0,0,0,0,fast,0,,,,,,,-7.760836498729236
758,superhero,SELECT DISTINCT T3.colour FROM superhero AS T1 INNER JOIN race AS T2 ON T1.race_id = T2.id INNER JOIN colour AS T3 ON T1.hair_colour_id = T3.id WHERE T1.height_cm = 185 AND T2.race = 'Human',moderate,0.0004210999904898,33,190,2,3,2,0,0,0,1,0,0,0,0,0,0,0,0,0,0,0,0,0,0,0,0,fast,0,,,,,,,-7.772640245380576
760,superhero,SELECT CAST(COUNT(CASE WHEN T2.publisher_name = 'Marvel Comics' THEN 1 ELSE NULL END) AS REAL) * 100 / COUNT(T1.id) FROM superhero AS T1 INNER JOIN publisher AS T2 ON T1.publisher_id = T2.id WHERE T1.height_cm BETWEEN 150 AND 180,challenging,0.0004497000045375,37,229,1,2,2,0,0,0,0,0,0,0,0,2,2,0,0,0,0,2,1,0,0,0,0,fast,0,,,,,,,-7.706929854097552
764,superhero,SELECT DISTINCT T2.power_name FROM hero_power AS T1 INNER JOIN superpower AS T2 ON T1.power_id = T2.id WHERE T1.hero_id = 1,simple,0.0009376000089105,20,123,1,2,1,0,0,0,1,0,0,0,0,0,0,0,0,0,0,0,0,0,0,0,0,fast,0,,,,,,,-6.972187129638006
772,superhero,"SELECT T1.eye_colour_id, T1.hair_colour_id, T1.skin_colour_id FROM superhero AS T1 INNER JOIN publisher AS T2 ON T2.id = T1.publisher_id INNER JOIN gender AS T3 ON T3.id = T1.gender_id WHERE T2.publisher_name = 'Dark Horse Comics' AND T3.gender = 'Female'",challenging,0.0003967999946326,36,255,2,3,2,0,0,0,0,0,0,0,0,0,0,0,0,0,0,0,0,0,0,0,0,fast,0,,,,,,,-7.83207819608027
773,superhero,"SELECT T1.superhero_name, T2.publisher_name FROM superhero AS T1 INNER JOIN publisher AS T2 ON T1.publisher_id = T2.id WHERE T1.eye_colour_id = T1.hair_colour_id AND T1.eye_colour_id = T1.skin_colour_id",challenging,0.0005640999879688,24,202,1,2,2,0,0,0,0,0,0,0,0,0,0,0,0,0,0,0,0,0,0,0,0,fast,0,,,,,,,-7.4802790385464775
775,superhero,SELECT CAST(COUNT(CASE WHEN T3.colour = 'Blue' THEN T1.id ELSE NULL END) AS REAL) * 100 / COUNT(T1.id) FROM superhero AS T1 INNER JOIN gender AS T2 ON T1.gender_id = T2.id INNER JOIN colour AS T3 ON T1.skin_colour_id = T3.id WHERE T2.gender = 'Female',challenging,0.0006865000032121,43,251,2,3,1,0,0,0,0,0,0,0,0,2,2,0,0,0,0,2,0,0,0,0,0,fast,0,,,,,,,-7.2839043280772975
779,superhero,SELECT COUNT(T1.power_id) FROM hero_power AS T1 INNER JOIN superhero AS T2 ON T1.hero_id = T2.id WHERE T2.superhero_name = 'Amazo',simple,0.0009886000043479,19,130,1,2,1,0,0,0,0,0,0,0,0,1,1,0,0,0,0,1,0,0,0,0,0,fast,0,,,,,,,-6.919220752693378
781,superhero,SELECT T1.height_cm FROM superhero AS T1 INNER JOIN colour AS T2 ON T1.eye_colour_id = T2.id WHERE T2.colour = 'Amber',simple,0.0003852999943774,19,118,1,2,1,0,0,0,0,0,0,0,0,0,0,0,0,0,0,0,0,0,0,0,0,fast,0,,,,,,,-7.8614883209249475
782,superhero,SELECT T1.superhero_name FROM superhero AS T1 INNER JOIN colour AS T2 ON T1.eye_colour_id = T2.id AND T1.hair_colour_id = T2.id WHERE T2.colour = 'Black',moderate,0.0003330999898025,23,153,1,2,1,0,0,0,0,0,0,0,0,0,0,0,0,0,0,0,0,0,0,0,0,fast,0,,,,,,,-8.00706784337857
785,superhero,SELECT T1.superhero_name FROM superhero AS T1 INNER JOIN alignment AS T2 ON T1.alignment_id = T2.id WHERE T2.alignment = 'Neutral',simple,0.000683599995682,19,130,1,2,1,0,0,0,0,0,0,0,0,0,0,0,0,0,0,0,0,0,0,0,0,fast,0,,,,,,,-7.288137613039398
790,superhero,SELECT ( SELECT weight_kg FROM superhero WHERE full_name LIKE 'Emil Blonsky' ) - ( SELECT weight_kg FROM superhero WHERE full_name LIKE 'Charles Chandler' ) AS CALCULATE,moderate,0.0001293999957852,26,169,0,1,1,0,0,0,0,0,0,2,1,1,0,0,0,0,0,0,0,0,1,0,1,fast,0,,,,,,,-8.952602208469346
791,superhero,SELECT CAST(SUM(height_cm) AS REAL) / COUNT(id) FROM superhero,simple,0.0003522999904816,8,62,0,1,0,0,0,0,0,0,0,0,0,2,1,1,0,0,0,2,0,0,0,0,0,fast,0,,,,,,,-7.951027499634965
797,superhero,SELECT T1.superhero_name FROM superhero AS T1 INNER JOIN colour AS T2 ON T1.eye_colour_id = T2.id INNER JOIN colour AS T3 ON T1.hair_colour_id = T3.id WHERE T2.colour = 'Blue' AND T3.colour = 'Brown',moderate,0.0004397000011522,32,199,2,3,2,0,0,0,0,0,0,0,0,0,0,0,0,0,0,0,0,0,0,0,0,fast,0,,,,,,,-7.7294178791570864
798,superhero,"SELECT T2.publisher_name FROM superhero AS T1 INNER JOIN publisher AS T2 ON T1.publisher_id = T2.id WHERE T1.superhero_name IN ('Hawkman', 'Karate Kid', 'Speedy')",moderate,0.0003703999973367,22,162,1,2,1,0,0,0,0,0,0,0,0,1,0,0,0,0,0,0,0,1,0,0,0,fast,0,,,,,,,-7.900927062382585
800,superhero,SELECT CAST(COUNT(CASE WHEN T2.colour = 'Blue' THEN 1 ELSE NULL END) AS REAL) * 100 / COUNT(T1.id) FROM superhero AS T1 INNER JOIN colour AS T2 ON T1.eye_colour_id = T2.id,moderate,0.000589499992202,30,171,1,2,0,0,0,0,0,0,0,0,0,2,2,0,0,0,0,2,0,0,0,0,0,fast,0,,,,,,,-7.436235851215008
801,superhero,SELECT CAST(COUNT(CASE WHEN T2.gender = 'Male' THEN T1.id ELSE NULL END) AS REAL) / COUNT(CASE WHEN T2.gender = 'Female' THEN T1.id ELSE NULL END) FROM superhero AS T1 INNER JOIN gender AS T2 ON T1.gender_id = T2.id,moderate,0.0007761000015307,37,215,1,2,0,0,0,0,0,0,0,0,0,2,2,0,0,0,0,2,0,0,0,0,0,fast,0,,,,,,,-7.161229178131884
806,superhero,SELECT T2.colour FROM superhero AS T1 INNER JOIN colour AS T2 ON T1.eye_colour_id = T2.id WHERE T1.full_name = 'Karen Beecher-Duncan',simple,0.0002929999900516,20,133,1,2,1,0,0,0,0,0,0,0,0,0,0,0,0,0,0,0,0,0,0,0,0,fast,0,,,,,,,-8.135337982900792
819,superhero,SELECT SUM(CASE WHEN T2.id = 7 THEN 1 ELSE 0 END) - SUM(CASE WHEN T2.id = 1 THEN 1 ELSE 0 END) FROM superhero AS T1 INNER JOIN colour AS T2 ON T1.eye_colour_id = T2.id WHERE T1.weight_kg = 0 OR T1.weight_kg is NULL,challenging,0.0003716000064741,43,214,1,2,2,0,0,0,0,0,0,0,0,1,0,2,0,0,0,2,0,0,0,0,0,fast,0,,,,,,,-7.8976925336023625
822,superhero,SELECT COUNT(T1.id) FROM superhero AS T1 INNER JOIN alignment AS T2 ON T1.alignment_id = T2.id INNER JOIN colour AS T3 ON T1.skin_colour_id = T3.id WHERE T2.alignment = 'Bad' AND T3.colour = 'Green',moderate,0.0004496000037761,32,198,2,3,2,0,0,0,0,0,0,0,0,1,1,0,0,0,0,1,0,0,0,0,0,fast,0,,,,,,,-7.7071522509859935
829,superhero,SELECT SUM(CASE WHEN T2.publisher_name = 'DC Comics' THEN 1 ELSE 0 END) - SUM(CASE WHEN T2.publisher_name = 'Marvel Comics' THEN 1 ELSE 0 END) FROM superhero AS T1 INNER JOIN publisher AS T2 ON T1.publisher_id = T2.id,challenging,0.0006567000091308,37,217,1,2,0,0,0,0,0,0,0,0,0,1,0,2,0,0,0,2,0,0,0,0,0,fast,0,,,,,,,-7.328283250863281
539,codebase_community,SELECT T2.DisplayName FROM posts AS T1 INNER JOIN users AS T2 ON T1.OwnerUserId = T2.Id WHERE T1.Title = 'Eliciting priors from experts',simple,0.7467451999982586,22,136,1,2,1,0,0,0,0,0,0,0,0,0,0,0,0,0,0,0,0,0,0,0,0,slow,1,,,,,,,-0.29203124976294276
537,codebase_community,SELECT COUNT(T1.id) FROM posts AS T1 INNER JOIN users AS T2 ON T1.OwnerUserId = T2.Id WHERE T2.DisplayName = 'csgillespie',simple,0.6996274999983143,19,122,1,2,1,0,0,0,0,0,0,0,0,1,1,0,0,0,0,1,0,0,0,0,0,slow,1,,,,,,,-0.35720722843654495
544,codebase_community,SELECT T2.DisplayName FROM posts AS T1 INNER JOIN users AS T2 ON T1.LastEditorUserId = T2.Id WHERE T1.Title = 'Examples for teaching: Correlation does not mean causation',moderate,0.5355821999983164,26,170,1,2,1,0,0,0,0,0,0,0,0,0,0,0,0,0,0,0,0,0,0,0,0,slow,1,,,,,,,-0.6244008994770515
549,codebase_community,SELECT T2.Body FROM tags AS T1 INNER JOIN posts AS T2 ON T2.Id = T1.ExcerptPostId WHERE T1.TagName = 'bayesian',simple,0.0003358999965712,19,111,1,2,1,0,0,0,0,0,0,0,0,0,0,0,0,0,0,0,0,0,0,0,0,fast,0,,,,,,,-7.998697071553827
555,codebase_community,SELECT AVG(T1.Score) FROM posts AS T1 INNER JOIN users AS T2 ON T1.OwnerUserId = T2.Id WHERE T2.DisplayName = 'csgillespie',simple,0.5571656000101939,19,123,1,2,1,0,0,0,0,0,0,0,0,1,0,0,1,0,0,1,0,0,0,0,0,slow,1,,,,,,,-0.5848927762217305
567,codebase_community,SELECT COUNT(T1.Id) FROM users AS T1 INNER JOIN posts AS T2 ON T1.Id = T2.OwnerUserId WHERE T1.DisplayName = 'Tiago Pasqualini',simple,1.244637000010698,20,127,1,2,1,0,0,0,0,0,0,0,0,1,1,0,0,0,0,1,0,0,0,0,0,slow,1,,,,,,,0.2188439211464987
568,codebase_community,SELECT T1.DisplayName FROM users AS T1 INNER JOIN votes AS T2 ON T1.Id = T2.UserId WHERE T2.Id = 6347,simple,0.0002009000018006,19,101,1,2,1,0,0,0,0,0,0,0,0,0,0,0,0,0,0,0,0,0,0,0,0,fast,0,,,,,,,-8.512703277180718
571,codebase_community,SELECT CAST(COUNT(DISTINCT T2.Id) AS REAL) / COUNT(DISTINCT T1.Id) FROM votes AS T1 INNER JOIN posts AS T2 ON T1.UserId = T2.OwnerUserId WHERE T1.UserId = 24,moderate,0.5547115000081249,25,157,1,2,1,0,0,0,1,0,0,0,0,2,2,0,0,0,0,2,0,0,0,0,0,slow,1,,,,,,,-0.5893071201940367
572,codebase_community,SELECT ViewCount FROM posts WHERE Title = 'Integration of Weka and/or RapidMiner into Informatica PowerCenter/Developer',moderate,0.5063888000004226,15,120,0,1,1,0,0,0,0,0,0,0,0,0,0,0,0,0,0,0,0,0,0,0,0,slow,1,,,,,,,-0.6804505252995519
578,codebase_community,"SELECT T1.DisplayName, T1.Reputation FROM users AS T1 INNER JOIN posts AS T2 ON T1.Id = T2.OwnerUserId WHERE T2.Title = 'Understanding what Dassault iSight is doing?'",moderate,0.5909341000078712,25,166,1,2,1,0,0,0,0,0,0,0,0,0,0,0,0,0,0,0,0,0,0,0,0,slow,1,,,,,,,-0.5260507737021323
581,codebase_community,SELECT T2.DisplayName FROM posts AS T1 INNER JOIN users AS T2 ON T1.OwnerUserId = T2.Id WHERE T1.Title = 'Open source tools for visualizing multi-dimensional data?',moderate,0.7683315000031143,25,164,1,2,1,0,0,0,0,0,0,0,0,0,0,0,0,0,0,0,0,0,0,0,0,slow,1,,,,,,,-0.2635339983354279
584,codebase_community,SELECT T2.Comment FROM posts AS T1 INNER JOIN postHistory AS T2 ON T1.Id = T2.PostId WHERE T1.Title = 'Why square the difference instead of taking the absolute value in standard deviation?',moderate,1.3198209999973187,31,189,1,2,1,0,0,0,0,0,0,0,0,0,0,0,0,0,0,0,0,0,0,0,0,slow,1,,,,,,,0.27749612134030877
587,codebase_community,"SELECT AVG(T2.ViewCount), T2.Title, T1.Text FROM comments AS T1 INNER JOIN posts AS T2 ON T2.Id = T1.PostId  WHERE T2.Tags = '<humor>' GROUP BY T2.Title, T1.Text",moderate,0.5781255000038072,25,161,1,2,1,1,0,0,0,0,0,0,0,1,0,0,1,0,0,1,0,0,0,0,0,slow,1,,,,,,,-0.5479643058443711
595,codebase_community,SELECT T2.UserId FROM users AS T1 INNER JOIN postHistory AS T2 ON T1.Id = T2.UserId INNER JOIN posts AS T3 ON T2.PostId = T3.Id WHERE T3.ViewCount >= 1000 GROUP BY T2.UserId HAVING COUNT(DISTINCT T2.PostHistoryTypeId) = 1,moderate,1.918015500006732,36,221,2,3,1,1,0,1,1,0,0,0,0,1,1,0,0,0,0,1,0,0,0,0,0,slow,1,,,,,,,0.6512910577668263
604,codebase_community,"SELECT AVG(T1.UpVotes), AVG(T1.Age) FROM users AS T1 INNER JOIN ( SELECT OwnerUserId, COUNT(*) AS post_count FROM posts GROUP BY OwnerUserId HAVING post_count > 10) AS T2 ON T1.Id = T2.OwnerUserId",moderate,0.508978500001831,30,196,1,2,0,1,0,1,0,0,0,1,1,2,1,0,2,0,0,3,0,0,0,0,0,slow,1,,,,,,,-0.6753495030057958
633,codebase_community,SELECT T2.PostId FROM users AS T1 INNER JOIN postHistory AS T2 ON T1.Id = T2.UserId INNER JOIN posts AS T3 ON T2.PostId = T3.Id WHERE T1.DisplayName = 'slashnick' ORDER BY T3.AnswerCount DESC LIMIT 1,moderate,1.6092152000055648,34,199,2,3,1,0,1,0,0,1,0,0,0,0,0,0,0,0,0,0,0,0,0,0,0,slow,1,,,,,,,0.47574660673964203
634,codebase_community,SELECT T1.DisplayName FROM users AS T1 INNER JOIN postHistory AS T2 ON T1.Id = T2.UserId INNER JOIN posts AS T3 ON T2.PostId = T3.Id WHERE T1.DisplayName = 'Harvey Motulsky' OR T1.DisplayName = 'Noah Snyder' GROUP BY T1.DisplayName ORDER BY SUM(T3.ViewCount) DESC LIMIT 1,challenging,2.782936100004008,43,271,2,3,2,1,1,0,0,1,0,0,0,1,0,1,0,0,0,1,0,0,0,0,0,slow,1,,,,,,,1.0235065214479573
637,codebase_community,SELECT T3.Tags FROM users AS T1 INNER JOIN postHistory AS T2 ON T1.Id = T2.UserId INNER JOIN posts AS T3 ON T3.Id = T2.PostId WHERE T1.DisplayName = 'Mark Meckes' AND T3.CommentCount = 0,moderate,1.5017033999902196,33,186,2,3,2,0,0,0,0,0,0,0,0,0,0,0,0,0,0,0,0,0,0,0,0,slow,1,,,,,,,0.40660006379570796
639,codebase_community,"SELECT CAST(SUM(IIF(T3.TagName = 'r', 1, 0)) AS REAL) * 100 / COUNT(T1.Id) FROM users AS T1 INNER JOIN postHistory AS T2 ON T1.Id = T2.UserId INNER JOIN tags AS T3 ON T3.ExcerptPostId = T2.PostId WHERE T1.DisplayName = 'Community'",challenging,1.4394595999910962,38,230,2,3,1,0,0,0,0,0,0,0,0,3,1,1,0,0,0,2,0,0,0,0,0,slow,1,,,,,,,0.3642677653696185
640,codebase_community,"SELECT SUM(IIF(T1.DisplayName = 'Mornington', T3.ViewCount, 0)) - SUM(IIF(T1.DisplayName = 'Amos', T3.ViewCount, 0)) AS diff FROM users AS T1 INNER JOIN postHistory AS T2 ON T1.Id = T2.UserId INNER JOIN posts AS T3 ON T3.Id = T2.PostId",moderate,3.3468591999990167,36,235,2,3,0,0,0,0,0,0,0,0,0,2,0,2,0,0,0,2,0,0,0,0,0,slow,1,,,,,,,1.2080223538208776
678,codebase_community,"SELECT T2.Id, T2.Title FROM users AS T1 INNER JOIN posts AS T2 ON T1.Id = T2.OwnerUserId WHERE T1.DisplayName = 'Harvey Motulsky' ORDER BY T2.ViewCount DESC LIMIT 1",simple,1.1145909000042593,27,164,1,2,1,0,1,0,0,1,0,0,0,0,0,0,0,0,0,0,0,0,0,0,0,slow,1,,,,,,,0.10848743175989438
682,codebase_community,"SELECT T2.OwnerUserId, T1.DisplayName FROM users AS T1 INNER JOIN posts AS T2 ON T1.Id = T2.OwnerUserId WHERE STRFTIME('%Y', T1.CreationDate) = '2010' ORDER BY T2.FavoriteCount DESC LIMIT 1",moderate,0.7190899999986868,27,189,1,2,1,0,1,0,0,1,0,0,0,1,0,0,0,0,0,0,0,0,0,0,0,slow,1,,,,,,,-0.32976875524393645
683,codebase_community,"SELECT CAST(SUM(IIF(STRFTIME('%Y', T2.CreaionDate) = '2011' AND T1.Reputation > 1000, 1, 0)) AS REAL) * 100 / COUNT(T1.Id) FROM users AS T1 INNER JOIN posts AS T2 ON T1.Id = T2.OwnerUserId",moderate,1.2885911999910604,30,188,1,2,0,0,0,0,0,0,0,0,0,4,1,1,0,0,0,2,0,0,0,0,0,slow,1,,,,,,,0.25354952857527796
685,codebase_community,"SELECT T2.ViewCount, T3.DisplayName FROM postHistory AS T1 INNER JOIN posts AS T2 ON T1.PostId = T2.Id INNER JOIN users AS T3 ON T2.LastEditorUserId = T3.Id WHERE T1.Text = 'Computer Game Datasets'",moderate,1.7574027000082424,31,197,2,3,1,0,0,0,0,0,0,0,0,0,0,0,0,0,0,0,0,0,0,0,0,slow,1,,,,,,,0.5638369804436483
687,codebase_community,SELECT COUNT(T2.Id) FROM posts AS T1 INNER JOIN comments AS T2 ON T1.Id = T2.PostId GROUP BY T1.Id ORDER BY T1.Score DESC LIMIT 1,simple,1.6173034999956144,24,129,1,2,0,1,1,0,0,1,0,0,0,1,1,0,0,0,0,1,0,0,0,0,0,slow,1,,,,,,,0.48076025623920393
694,codebase_community,"SELECT T3.Text, T1.DisplayName FROM users AS T1 INNER JOIN posts AS T2 ON T1.Id = T2.OwnerUserId INNER JOIN comments AS T3 ON T2.Id = T3.PostId WHERE T2.Title = 'Analysing wind data with R' ORDER BY T1.CreationDate DESC LIMIT 10",moderate,1.2639001999923494,39,228,2,3,1,0,1,0,0,1,0,0,0,0,0,0,0,0,0,0,0,0,0,0,0,slow,1,,,,,,,0.2342023369052449
704,codebase_community,"SELECT ExcerptPostId, WikiPostId FROM tags WHERE TagName = 'sample'",simple,0.0002870999887818,9,67,0,1,1,0,0,0,0,0,0,0,0,0,0,0,0,0,0,0,0,0,0,0,0,fast,0,,,,,,,-8.155680009911446
707,codebase_community,SELECT Text FROM comments WHERE PostId IN ( SELECT Id FROM posts WHERE ViewCount BETWEEN 100 AND 150 ) ORDER BY Score DESC LIMIT 1,moderate,0.7450356000044849,25,130,0,1,2,0,1,0,0,1,0,1,1,1,0,0,0,0,0,0,1,1,0,0,1,slow,1,,,,,,,-0.2943232765033365
710,codebase_community,SELECT COUNT(T1.id) FROM comments AS T1 INNER JOIN posts AS T2 ON T1.PostId = T2.Id WHERE T2.CommentCount = 1 AND T2.Score = 0,simple,0.6245034000021406,23,126,1,2,2,0,0,0,0,0,0,0,0,1,1,0,0,0,0,1,0,0,0,0,0,slow,1,,,,,,,-0.47079850507241316
345,card_games,SELECT DISTINCT T2.status FROM cards AS T1 INNER JOIN legalities AS T2 ON T1.uuid = T2.uuid WHERE T1.type = 'Artifact' AND T2.format = 'vintage' AND T1.side IS NULL,moderate,0.8282417000009445,28,164,1,2,3,0,0,0,1,0,0,0,0,0,0,0,0,0,0,0,0,0,0,0,0,slow,1,,,,,,,-0.18845025898008944
346,card_games,"SELECT T1.id, T1.artist FROM cards AS T1 INNER JOIN legalities AS T2 ON T1.uuid = T2.uuid WHERE T2.status = 'Legal' AND T2.format = 'commander' AND (T1.power IS NULL OR T1.power = '*')",moderate,1.8231155999965267,32,184,1,2,4,0,0,0,0,0,0,0,0,1,0,0,0,0,0,0,0,0,0,0,0,slow,1,,,,,,,0.6005469056424781
347,card_games,"SELECT T1.id, T2.text, T1.hasContentWarning FROM cards AS T1 INNER JOIN rulings AS T2 ON T1.uuid = T2.uuid WHERE T1.artist = 'Stephen Daniele'",moderate,0.8054993999976432,22,142,1,2,1,0,0,0,0,0,0,0,0,0,0,0,0,0,0,0,0,0,0,0,0,slow,1,,,,,,,-0.21629282124726848
349,card_games,"SELECT T1.name, T1.artist, T1.isPromo FROM cards AS T1 INNER JOIN rulings AS T2 ON T1.uuid = T2.uuid WHERE T1.isPromo = 1 AND T1.artist = (SELECT artist FROM cards WHERE isPromo = 1 GROUP BY artist HAVING COUNT(DISTINCT uuid) = (SELECT MAX(count_uuid) FROM ( SELECT COUNT(DISTINCT uuid) AS count_uuid FROM cards WHERE isPromo = 1 GROUP BY artist ))) LIMIT 1",moderate,0.7635487000079593,60,357,1,2,2,1,0,1,1,1,0,3,1,4,2,0,0,1,0,3,0,0,0,0,1,slow,1,,,,,,,-0.26977837114747716
352,card_games,SELECT CAST(SUM(CASE WHEN T2.language = 'Chinese Simplified' THEN 1 ELSE 0 END) AS REAL) * 100 / COUNT(T1.id) FROM cards AS T1 INNER JOIN foreign_data AS T2 ON T1.uuid = T2.uuid,moderate,0.6324678000091808,31,177,1,2,0,0,0,0,0,0,0,0,0,2,1,1,0,0,0,2,0,0,0,0,0,slow,1,,,,,,,-0.4581259687527668
366,card_games,SELECT T2.format FROM cards AS T1 INNER JOIN legalities AS T2 ON T1.uuid = T2.uuid WHERE T1.name = 'Benalish Knight',simple,1.0434630000090692,20,116,1,2,1,0,0,0,0,0,0,0,0,0,0,0,0,0,0,0,0,0,0,0,0,slow,1,,,,,,,0.042544989320541036
371,card_games,SELECT CAST(SUM(CASE WHEN T2.language = 'French' THEN 1 ELSE 0 END) AS REAL) * 100 / COUNT(T1.id) FROM cards AS T1 INNER JOIN foreign_data AS T2 ON T1.uuid = T2.uuid WHERE T1.isStorySpotlight = 1,challenging,0.8137035999970976,34,195,1,2,1,0,0,0,0,0,0,0,0,2,1,1,0,0,0,2,0,0,0,0,0,slow,1,,,,,,,-0.2061591070579032
383,card_games,SELECT COUNT(T1.id) FROM cards AS T1 INNER JOIN legalities AS T2 ON T1.uuid = T2.uuid WHERE T2.status = 'Banned' AND T1.borderColor = 'white',simple,0.6021821000031196,23,141,1,2,2,0,0,0,0,0,0,0,0,1,1,0,0,0,0,1,0,0,0,0,0,slow,1,,,,,,,-0.507195387715172
391,card_games,SELECT DISTINCT T1.name FROM cards AS T1 INNER JOIN foreign_data AS T2 ON T1.uuid = T2.uuid WHERE T1.originalType = 'Artifact' AND T1.colors = 'B',moderate,1.403850299990154,24,146,1,2,2,0,0,0,1,0,0,0,0,0,0,0,0,0,0,0,0,0,0,0,0,slow,1,,,,,,,0.33921867598024646
407,card_games,"SELECT T1.subtypes, T1.supertypes FROM cards AS T1 INNER JOIN foreign_data AS T2 ON T1.uuid = T2.uuid WHERE T2.language = 'German' AND T1.subtypes IS NOT NULL AND T1.supertypes IS NOT NULL",moderate,0.8061226999998325,30,188,1,2,3,0,0,0,0,0,0,0,0,0,0,0,0,0,0,0,0,0,0,0,0,slow,1,,,,,,,-0.21551931481140157
409,card_games,SELECT COUNT(T1.id) FROM cards AS T1 INNER JOIN legalities AS T2 ON T1.uuid = T2.uuid INNER JOIN rulings AS T3 ON T1.uuid = T3.uuid WHERE T2.format = 'premodern' AND T3.text = 'This is a triggered mana ability.' AND T1.Side IS NULL,moderate,0.9463117999985116,41,231,2,3,3,0,0,0,0,0,0,0,0,1,1,0,0,0,0,1,0,0,0,0,0,slow,1,,,,,,,-0.05518316592875376
412,card_games,SELECT name FROM foreign_data WHERE uuid IN ( SELECT uuid FROM cards WHERE types = 'Creature' AND layout = 'normal' AND borderColor = 'black' AND artist = 'Matthew D. Wilson' ) AND language = 'French',moderate,1.794168600012199,35,200,0,1,5,0,0,0,0,0,0,1,1,1,0,0,0,0,0,0,0,1,0,0,1,slow,1,,,,,,,0.5845417391606768
415,card_games,SELECT CAST(SUM(CASE WHEN T1.hasContentWarning = 0 THEN 1 ELSE 0 END) AS REAL) * 100 / COUNT(T1.id) FROM cards AS T1 INNER JOIN legalities AS T2 ON T1.uuid = T2.uuid WHERE T2.format = 'commander' AND T2.status = 'Legal',challenging,0.7182667000015499,38,219,1,2,2,0,0,0,0,0,0,0,0,2,1,1,0,0,0,2,0,0,0,0,0,slow,1,,,,,,,-0.330914330433692
416,card_games,SELECT CAST(SUM(CASE WHEN T2.language = 'French' THEN 1 ELSE 0 END) AS REAL) * 100 / COUNT(T1.id) FROM cards AS T1 INNER JOIN foreign_data AS T2 ON T1.uuid = T2.uuid WHERE T1.power IS NULL OR T1.power = '*',challenging,0.8943486999924062,38,206,1,2,2,0,0,0,0,0,0,0,0,2,1,1,0,0,0,2,0,0,0,0,0,slow,1,,,,,,,-0.11165953512206114
427,card_games,SELECT T2.language FROM sets AS T1 INNER JOIN set_translations AS T2 ON T1.code = T2.setCode WHERE T1.mcmName = 'Archenemy' AND T2.setCode = 'ARC',moderate,0.0004171999898971,23,146,1,2,2,0,0,0,0,0,0,0,0,0,0,0,0,0,0,0,0,0,0,0,0,fast,0,,,,,,,-7.78194485905362
474,card_games,SELECT COUNT(T1.id) FROM sets AS T1 INNER JOIN set_translations AS T2 ON T2.setCode = T1.code WHERE T2.translation IS NOT NULL AND T1.baseSetSize < 100 AND T2.language = 'Italian',moderate,0.00081759999739,28,179,1,2,3,0,0,0,0,0,0,0,0,1,1,0,0,0,0,1,0,0,0,0,0,fast,0,,,,,,,-7.109137341707104
480,card_games,SELECT T2.flavorText FROM cards AS T1 INNER JOIN foreign_data AS T2 ON T2.uuid = T1.uuid WHERE T1.name = 'Ancestor''s Chosen' AND T2.language = 'Italian',moderate,1.0110354000062216,24,153,1,2,2,0,0,0,0,0,0,0,0,0,0,0,0,0,0,0,0,0,0,0,0,slow,1,,,,,,,0.010974954268278226
483,card_games,SELECT DISTINCT T1.text FROM foreign_data AS T1 INNER JOIN cards AS T2 ON T2.uuid = T1.uuid INNER JOIN sets AS T3 ON T3.code = T2.setCode WHERE T3.name = 'Coldsnap' AND T1.language = 'Italian',moderate,0.9826678000099492,33,192,2,3,2,0,0,0,1,0,0,0,0,0,0,0,0,0,0,0,0,0,0,0,0,slow,1,,,,,,,-0.01748416100727222
484,card_games,SELECT T2.name FROM foreign_data AS T1 INNER JOIN cards AS T2 ON T2.uuid = T1.uuid INNER JOIN sets AS T3 ON T3.code = T2.setCode WHERE T3.name = 'Coldsnap' AND T1.language = 'Italian' ORDER BY T2.convertedManaCost DESC,moderate,0.827327899998636,36,218,2,3,2,0,1,0,0,0,0,0,0,0,0,0,0,0,0,0,0,0,0,0,0,slow,1,,,,,,,-0.18955416919335566
528,card_games,"SELECT DISTINCT T2.name , CASE WHEN T1.status = 'Legal' THEN T1.format ELSE NULL END FROM legalities AS T1 INNER JOIN cards AS T2 ON T2.uuid = T1.uuid WHERE T2.setCode IN ( SELECT code FROM sets WHERE name = 'Hour of Devastation' )",challenging,1.6647239000012632,42,231,1,2,1,0,0,0,1,0,0,1,1,1,0,0,0,0,0,0,0,1,0,0,1,slow,1,,,,,,,0.5096592838567178
530,card_games,"SELECT DISTINCT T1.frameVersion, T1.name , IIF(T2.status = 'Banned', T1.name, 'NO') FROM cards AS T1 INNER JOIN legalities AS T2 ON T1.uuid = T2.uuid WHERE T1.artist = 'Allen Williams'",moderate,1.1511970999999903,28,184,1,2,1,0,0,0,1,0,0,0,0,1,0,0,0,0,0,0,0,0,0,0,0,slow,1,,,,,,,0.14080235747734623
198,toxicology,"SELECT AVG(single_bond_count) FROM (SELECT T3.molecule_id, COUNT(T1.bond_type) AS single_bond_count FROM bond AS T1  INNER JOIN atom AS T2 ON T1.molecule_id = T2.molecule_id INNER JOIN molecule AS T3 ON T3.molecule_id = T2.molecule_id WHERE T1.bond_type = '-' AND T3.label = '+' GROUP BY T3.molecule_id) AS subquery",challenging,0.7038226000004215,43,315,2,3,2,1,0,0,0,0,0,1,1,2,1,0,1,0,0,2,0,0,0,0,0,slow,1,,,,,,,-0.35122894321433046
213,toxicology,SELECT T1.bond_type FROM bond AS T1 INNER JOIN connected AS T2 ON T1.bond_id = T2.bond_id WHERE T2.atom_id = 'TR004_8' AND T2.atom_id2 = 'TR004_20' OR T2.atom_id2 = 'TR004_8' AND T2.atom_id = 'TR004_20',moderate,0.0003004000027431,31,202,1,2,4,0,0,0,0,0,0,0,0,0,0,0,0,0,0,0,0,0,0,0,0,fast,0,,,,,,,-8.110395628942802
227,toxicology,"SELECT ROUND(CAST(COUNT(CASE WHEN T.label = '+' THEN T.molecule_id ELSE NULL END) AS REAL) * 100 / COUNT(T.molecule_id),3) FROM molecule t",simple,0.0001863000070443,20,138,0,1,0,0,0,0,0,0,0,0,0,3,2,0,0,0,0,2,0,0,0,0,0,fast,0,,,,,,,-8.588152242545139
89,financial,SELECT COUNT(T2.account_id) FROM district AS T1 INNER JOIN account AS T2 ON T1.district_id = T2.district_id WHERE T1.A3 = 'east Bohemia' AND T2.frequency = 'POPLATEK PO OBRATU',moderate,0.0008741000056033,26,176,1,2,2,0,0,0,0,0,0,0,0,1,1,0,0,0,0,1,0,0,0,0,0,fast,0,,,,,,,-7.042315765967467
98,financial,"SELECT T2.account_id FROM loan AS T1 INNER JOIN account AS T2 ON T1.account_id = T2.account_id WHERE STRFTIME('%Y', T1.date) = '1997' AND T2.frequency = 'POPLATEK TYDNE' ORDER BY T1.amount LIMIT 1",moderate,0.0009422000002814,30,196,1,2,2,0,1,0,0,1,0,0,0,1,0,0,0,0,0,0,0,0,0,0,0,fast,0,,,,,,,-6.96729299139967
116,financial,"SELECT CAST((SUM(IIF(T3.date = '1998-12-27', T3.balance, 0)) - SUM(IIF(T3.date = '1993-03-22', T3.balance, 0))) AS REAL) * 100 / SUM(IIF(T3.date = '1993-03-22', T3.balance, 0)) FROM loan AS T1 INNER JOIN account AS T2 ON T1.account_id = T2.account_id INNER JOIN trans AS T3 ON T3.account_id = T2.account_id WHERE T1.date = '1993-07-05'",challenging,2.166637299989816,48,335,2,3,1,0,0,0,0,0,0,0,0,4,0,3,0,0,0,3,0,0,0,0,0,slow,1,,,,,,,0.7731763342907733
117,financial,SELECT (CAST(SUM(CASE WHEN status = 'A' THEN amount ELSE 0 END) AS REAL) * 100) / SUM(amount) FROM loan,moderate,0.0003473999968264,19,103,0,1,0,0,0,0,0,0,0,0,0,3,0,2,0,0,0,2,0,0,0,0,0,fast,0,,,,,,,-7.96503371329256
118,financial,SELECT CAST(SUM(status = 'C') AS REAL) * 100 / COUNT(account_id) FROM loan WHERE amount < 100000,moderate,0.0002697000018088,16,96,0,1,1,0,0,0,0,0,0,0,0,2,1,1,0,0,0,2,0,0,0,0,0,fast,0,,,,,,,-8.218200321111878
125,financial,SELECT CAST((T3.A13 - T3.A12) AS REAL) * 100 / T3.A12 FROM loan AS T1 INNER JOIN account AS T2 ON T1.account_id = T2.account_id INNER JOIN district AS T3 ON T2.district_id = T3.district_id WHERE T1.status = 'D',challenging,0.0008311999990837,36,210,2,3,1,0,0,0,0,0,0,0,0,2,0,0,0,0,0,0,0,0,0,0,0,fast,0,,,,,,,-7.092640119281638
129,financial,SELECT DISTINCT T1.A2 FROM district AS T1 INNER JOIN account AS T2 ON T1.district_id = T2.district_id INNER JOIN trans AS T3 ON T2.account_id = T3.account_id WHERE T3.type = 'VYDAJ' AND T3.date LIKE '1996-01%' ORDER BY A2 ASC LIMIT 10,moderate,0.7993526000063866,39,234,2,3,2,0,1,0,1,1,0,0,0,0,0,0,0,0,0,0,0,0,1,0,0,slow,1,,,,,,,-0.2239531289257639
137,financial,SELECT COUNT(T1.account_id) FROM account AS T1 INNER JOIN district AS T2 ON T1.district_id = T2.district_id INNER JOIN loan AS T3 ON T1.account_id = T3.account_id WHERE T1.district_id = 1 AND (T3.status = 'C' OR T3.status = 'D'),moderate,0.0007996000058483,36,228,2,3,3,0,0,0,0,0,0,0,0,1,1,0,0,0,0,1,0,0,0,0,0,fast,0,,,,,,,-7.131398948023997
145,financial,"SELECT T1.account_id FROM trans AS T1 INNER JOIN account AS T2 ON T1.account_id = T2.account_id WHERE STRFTIME('%Y', T1.date) = '1998' AND T1.operation = 'VYBER KARTOU' AND T1.amount < (SELECT AVG(amount) FROM trans WHERE STRFTIME('%Y', date) = '1998')",moderate,3.0621073999936925,37,252,1,2,3,0,0,0,0,0,0,1,1,2,0,0,1,0,0,1,0,0,0,0,1,slow,1,,,,,,,1.119103371732619
159,financial,SELECT T4.trans_id FROM client AS T1 INNER JOIN disp AS T2 ON T1.client_id = T2.client_id INNER JOIN account AS T3 ON T2.account_id = T3.account_id INNER JOIN trans AS T4 ON T3.account_id = T4.account_id WHERE T1.client_id = 3356 AND T4.operation = 'VYBER',simple,0.5303016999969259,41,256,3,4,2,0,0,0,0,0,0,0,0,0,0,0,0,0,0,0,0,0,0,0,0,slow,1,,,,,,,-0.6343091891173838
173,financial,"SELECT T1.frequency, T2.k_symbol FROM account AS T1 INNER JOIN (SELECT account_id, k_symbol, SUM(amount) AS total_amount FROM `order` GROUP BY account_id, k_symbol) AS T2 ON T1.account_id = T2.account_id WHERE T1.account_id = 3 AND T2.total_amount = 3539",challenging,0.0009262999956263,35,254,1,2,2,1,0,0,0,0,0,1,1,2,0,1,0,0,0,1,0,0,0,0,0,fast,0,,,,,,,-6.984312406425981
192,financial,"SELECT AVG(T2.amount) FROM account AS T1 INNER JOIN loan AS T2 ON T1.account_id = T2.account_id WHERE T2.status IN ('C', 'D') AND T1.frequency = 'POPLATEK PO OBRATU'",moderate,0.0007024999940767,26,165,1,2,2,0,0,0,0,0,0,0,0,1,0,0,1,0,0,1,0,1,0,0,0,fast,0,,,,,,,-7.260865165188117
119,financial,"SELECT T1.account_id, T2.A2, T2.A3 FROM account AS T1 INNER JOIN district AS T2 ON T1.district_id = T2.district_id WHERE T1.frequency = 'POPLATEK PO OBRATU' AND STRFTIME('%Y', T1.date)= '1993'",moderate,0.0009827000030782,27,192,1,2,2,0,0,0,0,0,0,0,0,1,0,0,0,0,0,0,0,0,0,0,0,fast,0,,,,,,,-6.925206669463503
