question_id,db_id,sql,difficulty,runtime_s
1471,debit_card_specializing,SELECT  CAST(SUM(CASE WHEN Currency = 'EUR' THEN 1 ELSE 0 END) AS DOUBLE) / SUM(CASE WHEN Currency = 'CZK' THEN 1 ELSE 0 END) FROM customers,simple,0.0026156249998621206
1472,debit_card_specializing,"SELECT
  T1.CustomerID
FROM customers AS T1
INNER JOIN yearmonth AS T2
  ON T1.CustomerID = T2.CustomerID
WHERE
  T1.Segment = 'LAM' AND SUBSTR(T2.Date, 1, 4) = '2012'
GROUP BY
  T1.CustomerID
ORDER BY
  SUM(T2.Consumption) ASC
LIMIT 1",moderate,0.050017627999977776
1473,debit_card_specializing,"SELECT
  AVG(T2.Consumption) / 12
FROM customers AS T1
INNER JOIN yearmonth AS T2
  ON T1.CustomerID = T2.CustomerID
WHERE
  SUBSTR(T2.Date, 1, 4) = '2013' AND T1.Segment = 'SME'",moderate,0.0449042919999556
1476,debit_card_specializing,"SELECT
  SUM(CASE WHEN T1.Currency = 'CZK' THEN T2.Consumption ELSE 0 END) - SUM(CASE WHEN T1.Currency = 'EUR' THEN T2.Consumption ELSE 0 END)
FROM customers AS T1
INNER JOIN yearmonth AS T2
  ON T1.CustomerID = T2.CustomerID
WHERE
  SUBSTR(T2.Date, 1, 4) = '2012'",challenging,0.04688937899982193
1479,debit_card_specializing,"SELECT
  SUBSTR(T2.Date, 1, 4)
FROM customers AS T1
INNER JOIN yearmonth AS T2
  ON T1.CustomerID = T2.CustomerID
WHERE
  T1.Currency = 'CZK'
GROUP BY
  SUBSTR(T2.Date, 1, 4)
ORDER BY
  SUM(T2.Consumption) DESC
LIMIT 1",moderate,0.14888796800005366
1480,debit_card_specializing,"SELECT
  SUBSTR(T2.Date, 5, 2)
FROM customers AS T1
INNER JOIN yearmonth AS T2
  ON T1.CustomerID = T2.CustomerID
WHERE
  SUBSTR(T2.Date, 1, 4) = '2013' AND T1.Segment = 'SME'
GROUP BY
  SUBSTR(T2.Date, 5, 2)
ORDER BY
  SUM(T2.Consumption) DESC
LIMIT 1",moderate,0.10555112900010499
1481,debit_card_specializing,"SELECT
  CAST(SUM(CASE WHEN T1.Segment = 'SME' THEN T2.Consumption ELSE 0 END) AS DOUBLE) / COUNT(T1.CustomerID) - CAST(SUM(CASE WHEN T1.Segment = 'LAM' THEN T2.Consumption ELSE 0 END) AS DOUBLE) / COUNT(T1.CustomerID),
  CAST(SUM(CASE WHEN T1.Segment = 'LAM' THEN T2.Consumption ELSE 0 END) AS DOUBLE) / COUNT(T1.CustomerID) - CAST(SUM(CASE WHEN T1.Segment = 'KAM' THEN T2.Consumption ELSE 0 END) AS DOUBLE) / COUNT(T1.CustomerID),
  CAST(SUM(CASE WHEN T1.Segment = 'KAM' THEN T2.Consumption ELSE 0 END) AS DOUBLE) / COUNT(T1.CustomerID) - CAST(SUM(CASE WHEN T1.Segment = 'SME' THEN T2.Consumption ELSE 0 END) AS DOUBLE) / COUNT(T1.CustomerID)
FROM customers AS T1
INNER JOIN yearmonth AS T2
  ON T1.CustomerID = T2.CustomerID
WHERE
  T1.Currency = 'CZK'
  AND T2.Consumption = (
    SELECT
      MIN(Consumption)
    FROM yearmonth
  )
  AND T2.Date BETWEEN 201301 AND 201312",challenging,0.10423355300008552
1482,debit_card_specializing,"SELECT
  CAST((
    SUM(
      CASE
        WHEN T1.Segment = 'SME' AND T2.Date LIKE '2013%'
        THEN T2.Consumption
        ELSE 0
      END
    ) - SUM(
      CASE
        WHEN T1.Segment = 'SME' AND T2.Date LIKE '2012%'
        THEN T2.Consumption
        ELSE 0
      END
    )
  ) AS DOUBLE) * 100 / SUM(
    CASE
      WHEN T1.Segment = 'SME' AND T2.Date LIKE '2012%'
      THEN T2.Consumption
      ELSE 0
    END
  ),
  CAST(SUM(
    CASE
      WHEN T1.Segment = 'LAM' AND T2.Date LIKE '2013%'
      THEN T2.Consumption
      ELSE 0
    END
  ) - SUM(
    CASE
      WHEN T1.Segment = 'LAM' AND T2.Date LIKE '2012%'
      THEN T2.Consumption
      ELSE 0
    END
  ) AS DOUBLE) * 100 / SUM(
    CASE
      WHEN T1.Segment = 'LAM' AND T2.Date LIKE '2012%'
      THEN T2.Consumption
      ELSE 0
    END
  ),
  CAST(SUM(
    CASE
      WHEN T1.Segment = 'KAM' AND T2.Date LIKE '2013%'
      THEN T2.Consumption
      ELSE 0
    END
  ) - SUM(
    CASE
      WHEN T1.Segment = 'KAM' AND T2.Date LIKE '2012%'
      THEN T2.Consumption
      ELSE 0
    END
  ) AS DOUBLE) * 100 / SUM(
    CASE
      WHEN T1.Segment = 'KAM' AND T2.Date LIKE '2012%'
      THEN T2.Consumption
      ELSE 0
    END
  )
FROM customers AS T1
INNER JOIN yearmonth AS T2
  ON T1.CustomerID = T2.CustomerID",challenging,0.13264860000003864
1483,debit_card_specializing,"SELECT
  SUM(Consumption)
FROM yearmonth
WHERE
  CustomerID = 6 AND Date BETWEEN '201308' AND '201311'",simple,0.006589301000076375
1484,debit_card_specializing,"SELECT
  SUM(CASE WHEN Country = 'CZE' THEN 1 ELSE 0 END) - SUM(CASE WHEN Country = 'SVK' THEN 1 ELSE 0 END)
FROM gasstations
WHERE
  Segment = 'Discount'",simple,0.0003010540001469053
1486,debit_card_specializing,"SELECT
  SUM(Currency = 'CZK') - SUM(Currency = 'EUR')
FROM customers
WHERE
  Segment = 'SME'",simple,0.00304187799997635
1490,debit_card_specializing,"SELECT
  CAST(SUM(CASE WHEN T2.Consumption > 46.73 THEN 1 ELSE 0 END) AS DOUBLE) * 100 / COUNT(T1.CustomerID)
FROM customers AS T1
INNER JOIN yearmonth AS T2
  ON T1.CustomerID = T2.CustomerID
WHERE
  T1.Segment = 'LAM'",moderate,0.030255915999987337
1493,debit_card_specializing,"SELECT
  CAST(SUM(CASE WHEN Consumption > 528.3 THEN 1 ELSE 0 END) AS DOUBLE) * 100 / COUNT(CustomerID)
FROM yearmonth
WHERE
  Date = '201202'",simple,0.008517444999824875
1498,debit_card_specializing,"SELECT
  SUM(Consumption)
FROM yearmonth
WHERE
  SUBSTR(Date, 1, 4) = '2012'
GROUP BY
  SUBSTR(Date, 5, 2)
ORDER BY
  SUM(Consumption) DESC
LIMIT 1",simple,0.08329195100009201
1500,debit_card_specializing,"SELECT
  T3.Description
FROM transactions_1k AS T1
INNER JOIN yearmonth AS T2
  ON T1.CustomerID = T2.CustomerID
INNER JOIN products AS T3
  ON T1.ProductID = T3.ProductID
WHERE
  T2.Date = '201309'",simple,0.0011091940000369505
1501,debit_card_specializing,"SELECT DISTINCT
  T2.Country
FROM transactions_1k AS T1
INNER JOIN gasstations AS T2
  ON T1.GasStationID = T2.GasStationID
INNER JOIN yearmonth AS T3
  ON T1.CustomerID = T3.CustomerID
WHERE
  T3.Date = '201306'",moderate,0.000834246000067651
1505,debit_card_specializing,"SELECT
  COUNT(*)
FROM yearmonth AS T1
INNER JOIN customers AS T2
  ON T1.CustomerID = T2.CustomerID
WHERE
  T2.Currency = 'EUR' AND T1.Consumption > 1000.00",simple,0.027944664999949964
1506,debit_card_specializing,"SELECT DISTINCT
  T3.Description
FROM transactions_1k AS T1
INNER JOIN gasstations AS T2
  ON T1.GasStationID = T2.GasStationID
INNER JOIN products AS T3
  ON T1.ProductID = T3.ProductID
WHERE
  T2.Country = 'CZE'",moderate,0.0004825880000680627
1507,debit_card_specializing,"SELECT DISTINCT
  T1.Time
FROM transactions_1k AS T1
INNER JOIN gasstations AS T2
  ON T1.GasStationID = T2.GasStationID
WHERE
  T2.ChainID = 11",simple,0.00020506800001385272
1514,debit_card_specializing,"SELECT DISTINCT
  T3.Currency
FROM transactions_1k AS T1
INNER JOIN gasstations AS T2
  ON T1.GasStationID = T2.GasStationID
INNER JOIN customers AS T3
  ON T1.CustomerID = T3.CustomerID
WHERE
  T1.Date = '2012-08-24' AND T1.Time = '16:25:00'",simple,0.00015456199980690144
1515,debit_card_specializing,"SELECT
  T2.Segment
FROM transactions_1k AS T1
INNER JOIN customers AS T2
  ON T1.CustomerID = T2.CustomerID
WHERE
  T1.date = '2012-08-23' AND T1.time = '21:20:00'",simple,0.00010805200008690008
1521,debit_card_specializing,"SELECT
  COUNT(T1.TransactionID)
FROM transactions_1k AS T1
INNER JOIN gasstations AS T2
  ON T1.GasStationID = T2.GasStationID
WHERE
  T1.Date = '2012-08-26'
  AND T1.Time BETWEEN '08:00:00' AND '09:00:00'
  AND T2.Country = 'CZE'",moderate,0.00012321799999881478
1524,debit_card_specializing,"SELECT
  T2.Country
FROM transactions_1k AS T1
INNER JOIN gasstations AS T2
  ON T1.GasStationID = T2.GasStationID
WHERE
  T1.Date = '2012-08-24' AND  T1.Price = 548.4",simple,0.00011522899990268343
1525,debit_card_specializing,"SELECT
  CAST(SUM(CASE WHEN T2.Currency = 'EUR' THEN 1 ELSE 0 END) AS DOUBLE) * 100 / COUNT(T1.CustomerID)
FROM transactions_1k AS T1
INNER JOIN customers AS T2
  ON T1.CustomerID = T2.CustomerID
WHERE
  T1.Date = '2012-08-25'",simple,0.0003556159999789088
1526,debit_card_specializing,"SELECT
  CAST(SUM(CASE WHEN SUBSTR(Date, 1, 4) = '2012' THEN Consumption ELSE 0 END) - SUM(CASE WHEN SUBSTR(Date, 1, 4) = '2013' THEN Consumption ELSE 0 END) AS DOUBLE) / SUM(CASE WHEN SUBSTR(Date, 1, 4) = '2012' THEN Consumption ELSE 0 END)
FROM yearmonth
WHERE
  CustomerID = (
    SELECT
      T1.CustomerID
    FROM transactions_1k AS T1
    INNER JOIN gasstations AS T2
      ON T1.GasStationID = T2.GasStationID
    WHERE
      T1.Date = '2012-08-25' AND T1.Price  = 1513.12   )",challenging,0.014614483000059408
1528,debit_card_specializing,"SELECT
  CAST(SUM(CASE WHEN Country = 'SVK' AND Segment = 'Premium' THEN 1 ELSE 0 END) AS DOUBLE) * 100 / SUM(CASE WHEN Country = 'SVK' THEN 1 ELSE 0 END)
FROM gasstations",simple,0.0004941669999425358
1529,debit_card_specializing,"SELECT
  SUM(T1.Price ),
  SUM(CASE WHEN T3.Date = '201201' THEN T1.Price ELSE 0 END)
FROM transactions_1k AS T1
INNER JOIN gasstations AS T2
  ON T1.GasStationID = T2.GasStationID
INNER JOIN yearmonth AS T3
  ON T1.CustomerID = T3.CustomerID
WHERE
  T1.CustomerID = '38508'",moderate,0.019675272000085897
1531,debit_card_specializing,"SELECT
  T2.CustomerID,
  SUM(T2.Price / T2.Amount),
  T1.Currency
FROM customers AS T1
INNER JOIN transactions_1k AS T2
  ON T1.CustomerID = T2.CustomerID
WHERE
  T2.CustomerID = (
    SELECT
      CustomerID
    FROM yearmonth
    ORDER BY
      Consumption DESC
    LIMIT 1
  )
GROUP BY
  T2.CustomerID,
  T1.Currency",moderate,0.028053036000073917
1533,debit_card_specializing,"SELECT
  T2.Consumption
FROM transactions_1k AS T1
INNER JOIN yearmonth AS T2
  ON T1.CustomerID = T2.CustomerID
WHERE
  T1.Price / T1.Amount > 29.00
  AND T1.ProductID = 5
  AND T2.Date = '201208'",moderate,0.00012866999986727023
1312,student_club,"SELECT
  T2.major_name
FROM member AS T1
INNER JOIN major AS T2
  ON T1.link_to_major = T2.major_id
WHERE
  T1.first_name = 'Angela' AND T1.last_name = 'Sanders'",simple,2.7842000008604373e-05
1317,student_club,"SELECT
  COUNT(T1.event_id)
FROM event AS T1
INNER JOIN attendance AS T2
  ON T1.event_id = T2.link_to_event
INNER JOIN member AS T3
  ON T2.link_to_member = T3.member_id
WHERE
  T1.event_name = 'Women''s Soccer' AND T3.t_shirt_size = 'Medium'",moderate,0.00019864800015056971
1322,student_club,SELECT COUNT(DISTINCT T1.event_id) FROM event AS T1 INNER JOIN attendance AS T2 ON T1.event_id = T2.link_to_event WHERE T1.type = 'Meeting' GROUP BY T1.event_id HAVING COUNT(T2.link_to_event) > 10,moderate,7.343199990827998e-05
1323,student_club,SELECT T1.event_name FROM event AS T1 INNER JOIN attendance AS T2 ON T1.event_id = T2.link_to_event GROUP BY T1.event_id HAVING COUNT(T2.link_to_event) > 20 AND NOT EXISTS (SELECT 1 FROM event AS E WHERE E.event_id = T1.event_id AND E.type = 'Fundraiser'),moderate,0.0001052279999385064
1331,student_club,"SELECT
  T2.amount
FROM member AS T1
INNER JOIN income AS T2
  ON T1.member_id = T2.link_to_member
WHERE
  T1.position = 'Vice President'",simple,3.510500005177164e-05
1334,student_club,"SELECT
  T1.first_name,
  T1.last_name
FROM member AS T1
INNER JOIN zip_code AS T2
  ON T1.zip = T2.zip_code
WHERE
  T2.state = 'Illinois'",simple,6.56090001029952e-05
1338,student_club,"SELECT
  T3.approved
FROM event AS T1
INNER JOIN budget AS T2
  ON T1.event_id = T2.link_to_event
INNER JOIN expense AS T3
  ON T2.budget_id = T3.link_to_budget
WHERE
  T1.event_name = 'October Meeting' AND T1.event_date LIKE '2019-10-08%'",moderate,5.864299987479171e-05
1339,student_club,"SELECT
  AVG(T2.cost)
FROM member AS T1
INNER JOIN expense AS T2
  ON T1.member_id = T2.link_to_member
WHERE
  T1.last_name = 'Allen'
  AND T1.first_name = 'Elijah'
  AND (
    SUBSTR(T2.expense_date, 6, 2) = '09'
    OR SUBSTR(T2.expense_date, 6, 2) = '10'
  )",challenging,4.654600002140796e-05
1340,student_club,"SELECT
  SUM(CASE WHEN SUBSTR(T1.event_date, 1, 4) = '2019' THEN T2.spent ELSE 0 END) - SUM(CASE WHEN SUBSTR(T1.event_date, 1, 4) = '2020' THEN T2.spent ELSE 0 END) AS num
FROM event AS T1
INNER JOIN budget AS T2
  ON T1.event_id = T2.link_to_event",moderate,6.640800006607606e-05
1344,student_club,"SELECT
  notes
FROM income
WHERE
  source = 'Fundraising' AND date_received = '2019-09-14'",simple,1.8646000171429478e-05
1346,student_club,"SELECT
  phone
FROM member
WHERE
  first_name = 'Carlo' AND last_name = 'Jacobs'",simple,1.8583999917609617e-05
1350,student_club,"SELECT
  T1.event_status
FROM budget AS T1
INNER JOIN expense AS T2
  ON T1.budget_id = T2.link_to_budget
WHERE
  T2.expense_description = 'Post Cards, Posters'
  AND T2.expense_date = '2019-08-20'",moderate,2.6445999992574798e-05
1351,student_club,"SELECT
  T2.major_name
FROM member AS T1
INNER JOIN major AS T2
  ON T1.link_to_major = T2.major_id
WHERE
  T1.first_name = 'Brent' AND T1.last_name = 'Thomason'",simple,2.5902000061250874e-05
1352,student_club,"SELECT
  COUNT(T1.member_id)
FROM member AS T1
INNER JOIN major AS T2
  ON T1.link_to_major = T2.major_id
WHERE
  T2.major_name = 'Business' AND T1.t_shirt_size = 'Medium'",moderate,4.6464999968520715e-05
1356,student_club,"SELECT
  T2.department
FROM member AS T1
INNER JOIN major AS T2
  ON T1.link_to_major = T2.major_id
WHERE
  T1.position = 'President'",simple,2.5182999934258987e-05
1357,student_club,"SELECT
  T2.date_received
FROM member AS T1
INNER JOIN income AS T2
  ON T1.member_id = T2.link_to_member
WHERE
  T1.first_name = 'Connor'
  AND T1.last_name = 'Hilton'
  AND T2.source = 'Dues'",simple,4.220599998916441e-05
1359,student_club,"SELECT
  CAST(SUM(CASE WHEN T2.event_name = 'Yearly Kickoff' THEN T1.amount ELSE 0 END) AS DOUBLE) / SUM(CASE WHEN T2.event_name = 'October Meeting' THEN T1.amount ELSE 0 END)
FROM budget AS T1
INNER JOIN event AS T2
  ON T1.link_to_event = T2.event_id
WHERE
  T1.category = 'Advertisement' AND T2.type = 'Meeting'",challenging,4.543000000012398e-05
1361,student_club,"SELECT
  SUM(cost)
FROM expense
WHERE
  expense_description = 'Pizza'",simple,2.033400005529984e-05
1362,student_club,"SELECT
  COUNT(city)
FROM zip_code
WHERE
  county = 'Orange County' AND state = 'Virginia'",simple,0.002551678999907381
1368,student_club,"SELECT
  T2.major_name
FROM member AS T1
INNER JOIN major AS T2
  ON T1.link_to_major = T2.major_id
WHERE
  T1.phone = '809-555-3360'",simple,2.6484000045456924e-05
1371,student_club,"SELECT
  COUNT(T2.link_to_member)
FROM event AS T1
INNER JOIN attendance AS T2
  ON T1.event_id = T2.link_to_event
WHERE
  T1.event_name = 'Women''s Soccer'",simple,3.0864999871482723e-05
1375,student_club,"SELECT
  T1.first_name,
  T1.last_name
FROM member AS T1
INNER JOIN major AS T2
  ON T1.link_to_major = T2.major_id
WHERE
  T2.department = 'School of Applied Sciences, Technology and Education'",moderate,5.297699999573524e-05
1376,student_club,"SELECT
  T2.event_name
FROM budget AS T1
INNER JOIN event AS T2
  ON T1.link_to_event = T2.event_id
WHERE
  T2.status = 'Closed'
ORDER BY
  T1.spent / T1.amount DESC
LIMIT 1",moderate,5.0887000043076114e-05
1378,student_club,"SELECT
  MAX(spent)
FROM budget",simple,2.0749999976032996e-05
1380,student_club,SELECT SUM(spent) FROM budget WHERE category = 'Food',simple,2.1810999896842986e-05
1381,student_club,"SELECT
  T1.first_name,
  T1.last_name
FROM member AS T1
INNER JOIN attendance AS T2
  ON T1.member_id = T2.link_to_member
GROUP BY
  T2.link_to_member
HAVING
  COUNT(T2.link_to_event) > 7",moderate,0.00023461899991161772
1387,student_club,"SELECT
  T4.first_name,
  T4.last_name
FROM event AS T1
INNER JOIN budget AS T2
  ON T1.event_id = T2.link_to_event
INNER JOIN expense AS T3
  ON T2.budget_id = T3.link_to_budget
INNER JOIN member AS T4
  ON T3.link_to_member = T4.member_id
WHERE
  T1.event_name = 'Yearly Kickoff'",moderate,6.318999999166408e-05
1389,student_club,"SELECT
  T1.event_name
FROM event AS T1
INNER JOIN budget AS T2
  ON T1.event_id = T2.link_to_event
INNER JOIN expense AS T3
  ON T2.budget_id = T3.link_to_budget
ORDER BY
  T3.cost
LIMIT 1",simple,5.3667999964090995e-05
1390,student_club,"SELECT
  CAST(SUM(CASE WHEN T1.event_name = 'Yearly Kickoff' THEN T3.cost ELSE 0 END) AS DOUBLE) * 100 / SUM(T3.cost)
FROM event AS T1
INNER JOIN budget AS T2
  ON T1.event_id = T2.link_to_event
INNER JOIN expense AS T3
  ON T2.budget_id = T3.link_to_budget",moderate,5.6961999916893546e-05
1392,student_club,"SELECT
  source
FROM income
WHERE
  date_received BETWEEN '2019-09-01' AND '2019-09-30'
ORDER BY
  source DESC
LIMIT 1",simple,2.724800015130313e-05
1394,student_club,"SELECT
  COUNT(T2.member_id)
FROM major AS T1
INNER JOIN member AS T2
  ON T1.major_id = T2.link_to_major
WHERE
  T1.major_name = 'Physics Teaching'",simple,4.2672999825299485e-05
1398,student_club,"SELECT
  T2.event_name
FROM budget AS T1
INNER JOIN event AS T2
  ON T1.link_to_event = T2.event_id
WHERE
  T1.category = 'Advertisement'
ORDER BY
  T1.spent DESC
LIMIT 1",moderate,4.035999995721795e-05
1399,student_club,"SELECT
  CASE WHEN T3.event_name = 'Women''s Soccer' THEN 'YES' END AS result
FROM member AS T1
INNER JOIN attendance AS T2
  ON T1.member_id = T2.link_to_member
INNER JOIN event AS T3
  ON T2.link_to_event = T3.event_id
WHERE
  T1.first_name = 'Maya' AND T1.last_name = 'Mclean'",moderate,0.0001234270000622928
1401,student_club,"SELECT
  T3.cost
FROM event AS T1
INNER JOIN budget AS T2
  ON T1.event_id = T2.link_to_event
INNER JOIN expense AS T3
  ON T2.budget_id = T3.link_to_budget
WHERE
  T1.event_name = 'September Speaker'
  AND T3.expense_description = 'Posters'",moderate,3.605299980335985e-05
1403,student_club,"SELECT
  T2.event_name
FROM budget AS T1
INNER JOIN event AS T2
  ON T2.event_id = T1.link_to_event
WHERE
  T1.event_status = 'Closed' AND T1.remaining < 0
ORDER BY
  T1.remaining
LIMIT 1",moderate,3.69500000942935e-05
1404,student_club,"SELECT T1.type, SUM(T3.cost) AS total_cost FROM event AS T1 INNER JOIN budget AS T2 ON T1.event_id = T2.link_to_event INNER JOIN expense AS T3 ON T2.budget_id = T3.link_to_budget WHERE T1.event_name = 'October Meeting' GROUP BY T1.type",moderate,5.6730000096649746e-05
1405,student_club,"SELECT T2.category, SUM(T2.amount) FROM event AS T1 INNER JOIN budget AS T2 ON T1.event_id = T2.link_to_event WHERE T1.event_name = 'April Speaker' GROUP BY T2.category ORDER BY SUM(T2.amount) ASC",moderate,5.773299994871195e-05
1409,student_club,"SELECT
  SUM(cost)
FROM expense
WHERE
  expense_date = '2019-08-20'",simple,1.9202999965273193e-05
1410,student_club,"SELECT
  T1.first_name,
  T1.last_name,
  SUM(T2.cost)
FROM member AS T1
INNER JOIN expense AS T2
  ON T1.member_id = T2.link_to_member
WHERE
  T1.member_id = 'rec4BLdZHS2Blfp4v'",simple,2.964500004054571e-05
1411,student_club,"SELECT
  T2.expense_description
FROM member AS T1
INNER JOIN expense AS T2
  ON T1.member_id = T2.link_to_member
WHERE
  T1.first_name = 'Sacha' AND T1.last_name = 'Harrison'",simple,3.586899993024417e-05
1422,student_club,"SELECT DISTINCT
  T2.category
FROM event AS T1
INNER JOIN budget AS T2
  ON T1.event_id = T2.link_to_event
WHERE
  T1.location = 'MU 215'",simple,5.899400002817856e-05
1426,student_club,"SELECT
  T2.last_name,
  T1.department,
  T1.college
FROM major AS T1
INNER JOIN member AS T2
  ON T1.major_id = T2.link_to_major
WHERE
  T2.position = 'Member' AND T1.major_name = 'Environmental Engineering'",moderate,4.594100005306245e-05
1427,student_club,"SELECT DISTINCT
  T2.category,
  T1.type
FROM event AS T1
INNER JOIN budget AS T2
  ON T1.event_id = T2.link_to_event
WHERE
  T1.location = 'MU 215' AND T2.spent = 0 AND T1.type = 'Guest Speaker'",moderate,5.405900014920917e-05
1432,student_club,"SELECT
  CAST(SUM(CASE WHEN T2.amount = 50 THEN 1.0 ELSE 0 END) AS DOUBLE) * 100 / COUNT(T2.income_id)
FROM member AS T1
INNER JOIN income AS T2
  ON T1.member_id = T2.link_to_member
WHERE
  T1.position = 'Member' AND T1.t_shirt_size = 'Medium'",moderate,3.999699993073591e-05
1435,student_club,"SELECT DISTINCT
  event_name
FROM event
WHERE
  type = 'Game'
  AND DATE(SUBSTR(event_date, 1, 10)) BETWEEN '2019-03-15' AND '2020-03-20'
  AND status = 'Closed'",moderate,3.711699991981732e-05
1457,student_club,"SELECT DISTINCT
  T3.first_name,
  T3.last_name,
  T3.phone
FROM expense AS T1
INNER JOIN budget AS T2
  ON T1.link_to_budget = T2.budget_id
INNER JOIN member AS T3
  ON T3.member_id = T1.link_to_member
WHERE
  T1.cost > (
    SELECT
      AVG(T1.cost)
    FROM expense AS T1
    INNER JOIN budget AS T2
      ON T1.link_to_budget = T2.budget_id
    INNER JOIN member AS T3
      ON T3.member_id = T1.link_to_member
  )",challenging,6.475999998656334e-05
1460,student_club,"SELECT
  T2.first_name,
  T2.last_name,
  T1.cost
FROM expense AS T1
INNER JOIN member AS T2
  ON T1.link_to_member = T2.member_id
WHERE
  T1.expense_description = 'Water, Veggie tray, supplies'",challenging,2.6231999981973786e-05
1464,student_club,"SELECT DISTINCT
  T3.first_name,
  T3.last_name,
  T4.amount
FROM event AS T1
INNER JOIN attendance AS T2
  ON T1.event_id = T2.link_to_event
INNER JOIN member AS T3
  ON T3.member_id = T2.link_to_member
INNER JOIN income AS T4
  ON T4.link_to_member = T3.member_id
WHERE
  T4.date_received = '2019-09-09'",challenging,0.000304335999999239
1149,thrombosis_prediction,"SELECT
  CAST(SUM(CASE WHEN Admission = '+' THEN 1 ELSE 0 END) AS DOUBLE) * 100 / SUM(CASE WHEN Admission = '-' THEN 1 ELSE 0 END)
FROM Patient
WHERE
  SEX = 'M'",moderate,0.00010332300007576123
1152,thrombosis_prediction,"SELECT
  SUM(CASE WHEN Admission = '+' THEN 1 ELSE 0 END) / SUM(CASE WHEN Admission = '-' THEN 1 ELSE 0 END)
FROM Patient
WHERE
  Diagnosis = 'SLE'",moderate,0.00013796700000057172
1153,thrombosis_prediction,"SELECT
  T1.Diagnosis,
  T2.Date
FROM Patient AS T1
INNER JOIN Laboratory AS T2
  ON T1.ID = T2.ID
WHERE
  T1.ID = 30609",simple,6.318800001281488e-05
1155,thrombosis_prediction,"SELECT DISTINCT
  T1.ID,
  T1.SEX,
  T1.Birthday
FROM Patient AS T1
INNER JOIN Laboratory AS T2
  ON T1.ID = T2.ID
WHERE
  T2.LDH > 500",simple,0.0013748600001690647
1157,thrombosis_prediction,"SELECT DISTINCT
  T1.ID,
  T1.SEX,
  T1.Diagnosis
FROM Patient AS T1
INNER JOIN Examination AS T2
  ON T1.ID = T2.ID
WHERE
  T2.Thrombosis = 2",simple,4.002700006822124e-05
1166,thrombosis_prediction,"SELECT
  T2.Symptoms,
  T1.Diagnosis
FROM Patient AS T1
INNER JOIN Examination AS T2
  ON T1.ID = T2.ID
WHERE
  NOT T2.Symptoms IS NULL
ORDER BY
  T1.Birthday DESC
LIMIT 1",simple,4.142200009482622e-05
1169,thrombosis_prediction,"SELECT
  CAST(SUM(CASE WHEN T2.UA <= 8.0 AND T1.SEX = 'M' THEN 1 ELSE 0 END) AS DOUBLE) / SUM(CASE WHEN T2.UA <= 6.5 AND T1.SEX = 'F' THEN 1 ELSE 0 END)
FROM Patient AS T1
INNER JOIN Laboratory AS T2
  ON T1.ID = T2.ID",challenging,0.0024292729999615403
1187,thrombosis_prediction,"SELECT DISTINCT
  ID
FROM Laboratory
WHERE
  Date BETWEEN '1987-07-06' AND '1996-01-31' AND GPT > 30 AND ALB < 4",moderate,0.0021272569999837287
1195,thrombosis_prediction,"SELECT
  AVG(T2.ALB)
FROM Patient AS T1
INNER JOIN Laboratory AS T2
  ON T1.ID = T2.ID
WHERE
  T2.PLT > 400 AND T1.Diagnosis = 'SLE' AND T1.SEX = 'F'",moderate,0.0007381089999398682
1198,thrombosis_prediction,"SELECT
  COUNT(ID)
FROM Patient
WHERE
  SEX = 'F' AND Diagnosis = 'APS'",simple,0.000116126999955668
1205,thrombosis_prediction,"SELECT
  CASE
    WHEN (
      T1.SEX = 'F' AND T2.UA > 6.5
    )
    OR (
      T1.SEX = 'M' AND T2.UA > 8.0
    )
    THEN TRUE
    ELSE FALSE
  END
FROM Patient AS T1
INNER JOIN Laboratory AS T2
  ON T1.ID = T2.ID
WHERE
  T1.ID = 57266",moderate,6.256500000745291e-05
1208,thrombosis_prediction,"SELECT DISTINCT
  T1.ID
FROM Patient AS T1
INNER JOIN Laboratory AS T2
  ON T1.ID = T2.ID
WHERE
  T1.SEX = 'M' AND T2.GPT >= 60",moderate,0.0005466280001655832
1209,thrombosis_prediction,"SELECT T1.Diagnosis
FROM Patient AS T1
INNER JOIN Laboratory AS T2
  ON T1.ID = T2.ID
WHERE
  T2.GPT > 60
ORDER BY
  T1.Birthday ASC",moderate,0.0015010319998509658
1220,thrombosis_prediction,"SELECT DISTINCT
  T1.ID,
  T1.SEX,
  T1.Birthday
FROM Patient AS T1
INNER JOIN Laboratory AS T2
  ON T1.ID = T2.ID
WHERE
  T2.UN = 29",simple,0.0010998239999935322
1238,thrombosis_prediction,"SELECT
  T1.ID,
  T1.SEX
FROM Patient AS T1
INNER JOIN Laboratory AS T2
  ON T1.ID = T2.ID
WHERE
  T1.Diagnosis = 'SLE' AND T2.HGB > 10 AND T2.HGB < 17
ORDER BY
  T1.Birthday ASC
LIMIT 1",moderate,0.000910102999796436
1241,thrombosis_prediction,"SELECT
  SUM(CASE WHEN T2.PLT <= 100 THEN 1 ELSE 0 END) - SUM(CASE WHEN T2.PLT >= 400 THEN 1 ELSE 0 END)
FROM Patient AS T1
INNER JOIN Laboratory AS T2
  ON T1.ID = T2.ID",challenging,0.002302955999994083
1247,thrombosis_prediction,"SELECT
  COUNT(DISTINCT T1.ID)
FROM Patient AS T1
INNER JOIN Laboratory AS T2
  ON T1.ID = T2.ID
WHERE
  T2.FG <= 150
  OR T2.FG >= 450
  AND T2.WBC > 3.5
  AND T2.WBC < 9.0
  AND T1.SEX = 'M'",challenging,0.0024308669999300037
1251,thrombosis_prediction,"SELECT
  COUNT(DISTINCT T1.ID)
FROM Patient AS T1
INNER JOIN Laboratory AS T2
  ON T1.ID = T2.ID
INNER JOIN Examination AS T3
  ON T3.ID = T2.ID
WHERE
  T2.IGG >= 2000",simple,0.0025281420000737853
1252,thrombosis_prediction,"SELECT
  COUNT(T1.ID)
FROM Patient AS T1
INNER JOIN Laboratory AS T2
  ON T1.ID = T2.ID
INNER JOIN Examination AS T3
  ON T3.ID = T2.ID
WHERE
  T2.IGG BETWEEN 900 AND 2000 AND NOT T3.Symptoms IS NULL",moderate,0.00010014899999077898
1255,thrombosis_prediction,"SELECT
  T1.Diagnosis
FROM Patient AS T1
INNER JOIN Laboratory AS T2
  ON T1.ID = T2.ID
WHERE
  NOT T2.IGM BETWEEN 40 AND 400
GROUP BY
  T1.Diagnosis
ORDER BY
  COUNT(T1.Diagnosis) DESC
LIMIT 1",moderate,0.0015897109999514214
1256,thrombosis_prediction,SELECT COUNT(T1.ID) FROM Patient AS T1 INNER JOIN Laboratory AS T2 ON T1.ID = T2.ID WHERE (T2.CRP = '+' ) AND T1.Description IS NULL,moderate,0.0017069619998437702
1265,thrombosis_prediction,"SELECT
  COUNT(DISTINCT T1.ID)
FROM Patient AS T1
INNER JOIN Laboratory AS T2
  ON T1.ID = T2.ID
WHERE
  T2.RNP = 'negative' OR T2.RNP = '0' AND T1.Admission = '+'",moderate,0.002655326999956742
1267,thrombosis_prediction,"SELECT
  COUNT(T1.ID)
FROM Examination AS T1
INNER JOIN Laboratory AS T2
  ON T1.ID = T2.ID
WHERE
  T2.SM IN ('negative', '0') AND T1.Thrombosis = 0",moderate,0.00020304600002418738
1270,thrombosis_prediction,"SELECT
  COUNT(DISTINCT T1.ID)
FROM Patient AS T1
INNER JOIN Laboratory AS T2
  ON T1.ID = T2.ID
INNER JOIN Examination AS T3
  ON T3.ID = T2.ID
WHERE
  (
    T2.SC170 = 'negative' OR T2.SC170 = '0'
  )
  AND T1.SEX = 'F'
  AND T3.Symptoms IS NULL",challenging,0.0026082839999617136
1275,thrombosis_prediction,"SELECT
  COUNT(DISTINCT T1.ID)
FROM Patient AS T1
INNER JOIN Laboratory AS T2
  ON T1.ID = T2.ID
WHERE
  T2.CENTROMEA IN ('negative', '0')
  AND T2.SSB IN ('negative', '0')
  AND T1.SEX = 'M'",moderate,0.001243549000037092
1281,thrombosis_prediction,"SELECT
  T1.Birthday
FROM Patient AS T1
INNER JOIN Laboratory AS T2
  ON T1.ID = T2.ID
WHERE
  T2.GOT >= 60
ORDER BY
  T1.Birthday DESC
LIMIT 1",moderate,0.0010735270000168384
1302,thrombosis_prediction,"SELECT
  COUNT(T1.ID)
FROM Patient AS T1
INNER JOIN Laboratory AS T2
  ON T1.ID = T2.ID
INNER JOIN Examination AS T3
  ON T1.ID = T3.ID
WHERE
  T2.CPK < 250
  AND (
    T3.KCT = '+' OR T3.RVVT = '+' OR T3.LAC = '+'
  )",challenging,7.060200005071238e-05
846,formula_1,"SELECT
  T2.driverRef
FROM qualifying AS T1
INNER JOIN drivers AS T2
  ON T2.driverId = T1.driverId
WHERE
  T1.raceId = 20
ORDER BY
  T1.q1 DESC
LIMIT 5",moderate,0.000311736999947243
847,formula_1,"SELECT
  T2.surname
FROM qualifying AS T1
INNER JOIN drivers AS T2
  ON T2.driverId = T1.driverId
WHERE
  T1.raceId = 19
ORDER BY
  T1.q2 ASC
LIMIT 1",simple,0.00029545500001404434
850,formula_1,"SELECT DISTINCT
  T2.name
FROM circuits AS T1
INNER JOIN races AS T2
  ON T2.circuitID = T1.circuitId
WHERE
  T1.country = 'Germany'",simple,0.00021339099998840538
854,formula_1,"SELECT DISTINCT
  T1.lat,
  T1.lng
FROM circuits AS T1
INNER JOIN races AS T2
  ON T2.circuitID = T1.circuitId
WHERE
  T2.name = 'Australian Grand Prix'",simple,0.0001113079999868205
857,formula_1,"SELECT DISTINCT
  T1.lat,
  T1.lng
FROM circuits AS T1
INNER JOIN races AS T2
  ON T2.circuitID = T1.circuitId
WHERE
  T2.name = 'Abu Dhabi Grand Prix'",simple,0.00010420300009172934
859,formula_1,"SELECT
  T1.q1
FROM qualifying AS T1
INNER JOIN drivers AS T2
  ON T2.driverId = T1.driverId
WHERE
  T1.raceId = 354 AND T2.forename = 'Bruno' AND T2.surname = 'Senna'",simple,0.00030750799987799837
861,formula_1,"SELECT
  T2.number
FROM qualifying AS T1
INNER JOIN drivers AS T2
  ON T2.driverId = T1.driverId
WHERE
  T1.raceId = 903 AND T1.q3 LIKE '1:54%'",simple,0.00027566299991121923
862,formula_1,"SELECT
  COUNT(T3.driverId)
FROM races AS T1
INNER JOIN results AS T2
  ON T2.raceId = T1.raceId
INNER JOIN drivers AS T3
  ON T3.driverId = T2.driverId
WHERE
  T1.year = 2007 AND T1.name = 'Bahrain Grand Prix' AND T2.time IS NULL",simple,0.0018249820000164618
865,formula_1,"SELECT
  T1.forename,
  T1.surname
FROM drivers AS T1
INNER JOIN results AS T2
  ON T2.driverId = T1.driverId
WHERE
  T2.raceId = 592 AND NOT T2.time IS NULL AND NOT T1.dob IS NULL
ORDER BY
  T1.dob ASC
LIMIT 1",moderate,0.0009331260000635666
866,formula_1,"SELECT DISTINCT
  T2.forename,
  T2.surname,
  T2.url
FROM lapTimes AS T1
INNER JOIN drivers AS T2
  ON T2.driverId = T1.driverId
WHERE
  T1.raceId = 161 AND T1.time LIKE '1:27%'",moderate,0.00022199599993655283
868,formula_1,"SELECT DISTINCT
  T1.lat,
  T1.lng
FROM circuits AS T1
INNER JOIN races AS T2
  ON T2.circuitID = T1.circuitId
WHERE
  T2.name = 'Malaysian Grand Prix'",simple,0.00010651799993866007
869,formula_1,"SELECT
  T2.url
FROM constructorResults AS T1
INNER JOIN constructors AS T2
  ON T2.constructorId = T1.constructorId
WHERE
  T1.raceId = 9
ORDER BY
  T1.points DESC
LIMIT 1",moderate,0.0006972630001200741
872,formula_1,"SELECT
  T2.code
FROM qualifying AS T1
INNER JOIN drivers AS T2
  ON T2.driverId = T1.driverId
WHERE
  T1.raceId = 45 AND T1.q3 LIKE '1:33%'",simple,0.0003007980001257238
875,formula_1,"SELECT
  T2.url
FROM races AS T1
INNER JOIN seasons AS T2
  ON T2.year = T1.year
WHERE
  T1.raceId = 901",simple,2.2343999944496318e-05
877,formula_1,"SELECT
  T1.forename,
  T1.surname
FROM drivers AS T1
INNER JOIN results AS T2
  ON T2.driverId = T1.driverId
WHERE
  T2.raceId = 872 AND NOT T2.time IS NULL
ORDER BY
  T1.dob DESC
LIMIT 1",moderate,0.0009754679999787186
879,formula_1,"SELECT
  T1.nationality
FROM drivers AS T1
INNER JOIN results AS T2
  ON T2.driverId = T1.driverId
ORDER BY
  T2.fastestLapSpeed DESC
LIMIT 1",moderate,0.004413719000012861
880,formula_1,"SELECT
  (
    SUM(CASE WHEN T2.raceId = 853 THEN T2.fastestLapSpeed ELSE 0 END) - SUM(CASE WHEN T2.raceId = 854 THEN T2.fastestLapSpeed ELSE 0 END)
  ) * 100 / SUM(CASE WHEN T2.raceId = 853 THEN T2.fastestLapSpeed ELSE 0 END)
FROM drivers AS T1
INNER JOIN results AS T2
  ON T2.driverId = T1.driverId
WHERE
  T1.forename = 'Paul' AND T1.surname = 'di Resta'",challenging,0.00396699499992792
881,formula_1,"SELECT
  CAST(COUNT(CASE WHEN NOT T2.time IS NULL THEN T2.driverId END) AS DOUBLE) * 100 / COUNT(T2.driverId)
FROM races AS T1
INNER JOIN results AS T2
  ON T2.raceId = T1.raceId
WHERE
  T1.date = '1983-07-16'",moderate,0.002311715999894659
892,formula_1,"SELECT
  T3.forename,
  T3.surname,
  T2.points
FROM races AS T1
INNER JOIN driverStandings AS T2
  ON T2.raceId = T1.raceId
INNER JOIN drivers AS T3
  ON T3.driverId = T2.driverId
ORDER BY
  T2.points DESC
LIMIT 1",moderate,0.005666599000051065
894,formula_1,"SELECT
  T2.milliseconds,
  T1.forename,
  T1.surname,
  T3.name
FROM drivers AS T1
INNER JOIN lapTimes AS T2
  ON T1.driverId = T2.driverId
INNER JOIN races AS T3
  ON T2.raceId = T3.raceId
ORDER BY
  T2.milliseconds ASC
LIMIT 1",moderate,0.0370667100000901
895,formula_1,"SELECT
  AVG(T2.milliseconds)
FROM races AS T1
INNER JOIN lapTimes AS T2
  ON T2.raceId = T1.raceId
INNER JOIN drivers AS T3
  ON T3.driverId = T2.driverId
WHERE
  T3.forename = 'Lewis'
  AND T3.surname = 'Hamilton'
  AND T1.year = 2009
  AND T1.name = 'Malaysian Grand Prix'",moderate,0.029109900000094058
896,formula_1,"SELECT
  CAST(COUNT(CASE WHEN T2.position <> 1 THEN T2.position END) AS DOUBLE) * 100 / COUNT(T2.driverStandingsId)
FROM races AS T1
INNER JOIN driverStandings AS T2
  ON T2.raceId = T1.raceId
INNER JOIN drivers AS T3
  ON T3.driverId = T2.driverId
WHERE
  T3.surname = 'Hamilton' AND T1.year >= 2010",challenging,0.002229059999990568
897,formula_1,"SELECT
  T1.forename,
  T1.surname,
  T1.nationality,
  MAX(T2.points)
FROM drivers AS T1
INNER JOIN driverStandings AS T2
  ON T2.driverId = T1.driverId
WHERE
  T2.wins >= 1
GROUP BY
  T1.forename,
  T1.surname,
  T1.nationality
ORDER BY
  COUNT(T2.wins) DESC
LIMIT 1",moderate,0.0032908690000112983
902,formula_1,"SELECT
  T1.name
FROM races AS T1
INNER JOIN driverStandings AS T2
  ON T2.raceId = T1.raceId
INNER JOIN drivers AS T3
  ON T3.driverId = T2.driverId
WHERE
  T3.forename = 'Alex' AND T3.surname = 'Yoong' AND T2.position < 20",simple,0.00354088199992475
904,formula_1,"SELECT
  T1.name,
  T1.year
FROM races AS T1
INNER JOIN lapTimes AS T2
  ON T2.raceId = T1.raceId
INNER JOIN drivers AS T3
  ON T3.driverId = T2.driverId
WHERE
  T3.forename = 'Michael' AND T3.surname = 'Schumacher'
ORDER BY
  T2.milliseconds ASC
LIMIT 1",moderate,0.03292980100013665
906,formula_1,"SELECT
  T1.name,
  T2.points
FROM races AS T1
INNER JOIN driverStandings AS T2
  ON T2.raceId = T1.raceId
INNER JOIN drivers AS T3
  ON T3.driverId = T2.driverId
WHERE
  T3.forename = 'Lewis' AND T3.surname = 'Hamilton'
ORDER BY
  T1.year ASC
LIMIT 1",moderate,0.004716388999895571
909,formula_1,"SELECT
  CAST(COUNT(CASE WHEN T1.country = 'Germany' THEN T2.circuitID END) AS DOUBLE) * 100 / COUNT(T2.circuitId)
FROM circuits AS T1
INNER JOIN races AS T2
  ON T2.circuitID = T1.circuitId
WHERE
  T2.name = 'European Grand Prix'",moderate,0.00012705399990409205
910,formula_1,"SELECT
  lat,
  lng
FROM circuits
WHERE
  name = 'Silverstone Circuit'",simple,2.5074999939533882e-05
912,formula_1,"SELECT
  circuitRef
FROM circuits
WHERE
  name = 'Marina Bay Street Circuit'",simple,2.3477000013372162e-05
915,formula_1,"SELECT
  nationality
FROM drivers
WHERE
  NOT dob IS NULL
ORDER BY
  dob ASC
LIMIT 1",simple,0.00011981700004071172
928,formula_1,"SELECT
  T3.forename,
  T3.surname,
  T3.driverRef
FROM races AS T1
INNER JOIN results AS T2
  ON T2.raceId = T1.raceId
INNER JOIN drivers AS T3
  ON T3.driverId = T2.driverId
WHERE
  T1.name = 'Canadian Grand Prix' AND T2.rank = 1 AND T1.year = 2007",moderate,0.0016513260000010632
930,formula_1,"SELECT
  name
FROM races
WHERE
  raceId IN (
    SELECT
      raceId
    FROM results
    WHERE
      rank = 1
      AND driverId = (
        SELECT
          driverId
        FROM drivers
        WHERE
          forename = 'Lewis' AND surname = 'Hamilton'
      )
  )",simple,0.0012922890000481857
931,formula_1,"SELECT
  T2.fastestLapSpeed
FROM races AS T1
INNER JOIN results AS T2
  ON T2.raceId = T1.raceId
WHERE
  T1.name = 'Spanish Grand Prix'
  AND T1.year = 2009
  AND NOT T2.fastestLapSpeed IS NULL
ORDER BY
  T2.fastestLapSpeed DESC
LIMIT 1",moderate,0.0015029759999833914
933,formula_1,"SELECT
  T2.positionOrder
FROM races AS T1
INNER JOIN results AS T2
  ON T2.raceId = T1.raceId
INNER JOIN drivers AS T3
  ON T3.driverId = T2.driverId
WHERE
  T3.forename = 'Lewis'
  AND T3.surname = 'Hamilton'
  AND T1.name = 'Chinese Grand Prix'
  AND T1.year = 2008",moderate,0.001861971999915113
937,formula_1,"SELECT
  T1.time
FROM results AS T1
INNER JOIN races AS T2
  ON T1.raceId = T2.raceId
WHERE
  T1.rank = 2 AND T2.name = 'Chinese Grand Prix' AND T2.year = 2008",simple,0.0013122870000188414
940,formula_1,SELECT COUNT(*) FROM (SELECT T1.driverId FROM results AS T1 INNER JOIN races AS T2 ON T1.raceId = T2.raceId WHERE T2.name = 'Chinese Grand Prix' AND T2.year = 2008 AND T1.time IS NOT NULL GROUP BY T1.driverId HAVING COUNT(T2.raceId) > 0) AS derived_table,moderate,0.0014769770000384597
944,formula_1,"WITH time_in_seconds AS (
  SELECT
    T1.positionOrder,
    CASE
      WHEN T1.positionOrder = 1
      THEN (
        CAST(SUBSTR(T1.time, 1, 1) AS DOUBLE) * 3600
      ) + (
        CAST(SUBSTR(T1.time, 3, 2) AS DOUBLE) * 60
      ) + CAST(SUBSTR(T1.time, 6) AS DOUBLE)
      ELSE CAST(SUBSTR(T1.time, 2) AS DOUBLE)
    END AS time_seconds
  FROM results AS T1
  INNER JOIN races AS T2
    ON T1.raceId = T2.raceId
  WHERE
    T2.name = 'Australian Grand Prix'
    AND NOT T1.time IS NULL
    AND T2.year = 2008
), champion_time AS (
  SELECT
    time_seconds
  FROM time_in_seconds
  WHERE
    positionOrder = 1
), last_driver_incremental AS (
  SELECT
    time_seconds
  FROM time_in_seconds
  WHERE
    positionOrder = (
      SELECT
        MAX(positionOrder)
      FROM time_in_seconds
    )
)
SELECT
  (
    CAST((
      SELECT
        time_seconds
      FROM last_driver_incremental
    ) AS DOUBLE) * 100
  ) / (
    SELECT
      time_seconds + (
        SELECT
          time_seconds
        FROM last_driver_incremental
      )
    FROM champion_time
  )",challenging,0.004982270999789762
945,formula_1,"SELECT
  COUNT(circuitId)
FROM circuits
WHERE
  location = 'Adelaide' AND country = 'Australia'",simple,3.061600000364706e-05
948,formula_1,"SELECT
  MAX(T1.points)
FROM constructorStandings AS T1
INNER JOIN constructors AS T2
  ON T1.constructorId = T2.constructorId
WHERE
  T2.nationality = 'British'",simple,0.003654997000012372
950,formula_1,"SELECT
  T2.name
FROM constructorStandings AS T1
INNER JOIN constructors AS T2
  ON T1.constructorId = T2.constructorId
WHERE
  T1.points = 0 AND T1.raceId = 291",simple,0.0013114930000028835
951,formula_1,"SELECT
  COUNT(T1.raceId)
FROM constructorStandings AS T1
INNER JOIN constructors AS T2
  ON T1.constructorId = T2.constructorId
WHERE
  T1.points = 0 AND T2.nationality = 'Japanese'
GROUP BY
  T1.constructorId
HAVING
  COUNT(raceId) = 2",simple,0.0020673400001669506
954,formula_1,"SELECT
  CAST(SUM(CASE WHEN NOT T1.time IS NULL THEN 1 ELSE 0 END) AS DOUBLE) * 100 / COUNT(T1.raceId)
FROM results AS T1
INNER JOIN races AS T2
  ON T1.raceId = T2.raceId
INNER JOIN drivers AS T3
  ON T1.driverId = T3.driverId
WHERE
  T3.nationality = 'Japanese' AND T2.year BETWEEN 2007 AND 2009",challenging,0.003778205000116941
955,formula_1,"WITH time_in_seconds AS (SELECT T2.year, T2.raceId, T1.positionOrder, CASE WHEN T1.positionOrder = 1 THEN (CAST(SUBSTR(T1.time, 1, 1) AS FLOAT) * 3600) + (CAST(SUBSTR(T1.time, 3, 2) AS FLOAT) * 60) + CAST(SUBSTR(T1.time, 6, 2) AS FLOAT) + CAST(SUBSTR(T1.time, 9) AS FLOAT) / 1000 ELSE 0 END AS time_seconds FROM results AS T1 INNER JOIN races AS T2 ON T1.raceId = T2.raceId WHERE NOT T1.time IS NULL), champion_time AS (SELECT year, raceId, time_seconds FROM time_in_seconds WHERE positionOrder = 1) SELECT year, AVG(time_seconds) FROM champion_time WHERE year < 1975 GROUP BY year HAVING NOT AVG(time_seconds) IS NULL",challenging,0.0015591919998314552
959,formula_1,"SELECT
  T1.fastestLap
FROM results AS T1
INNER JOIN races AS T2
  ON T1.raceId = T2.raceId
WHERE
  T2.year = 2009 AND T1.time LIKE '_:%:__.___'",simple,0.0015976439999576542
960,formula_1,"SELECT
  AVG(T1.fastestLapSpeed)
FROM results AS T1
INNER JOIN races AS T2
  ON T1.raceId = T2.raceId
WHERE
  T2.year = 2009 AND T2.name = 'Spanish Grand Prix'",moderate,0.001474325999879511
963,formula_1,"SELECT
  COUNT(T1.driverId)
FROM drivers AS T1
INNER JOIN lapTimes AS T2
  ON T1.driverId = T2.driverId
WHERE
  T1.nationality = 'French'
  AND (
    CAST(SUBSTR(T2.time, 1, 2) AS SIGNED) * 60 + CAST(SUBSTR(T2.time, 4, 2) AS SIGNED) + CAST(SUBSTR(T2.time, 7, 2) AS DOUBLE) / 1000
  ) < 120",moderate,0.12351670099997136
964,formula_1,SELECT code FROM drivers WHERE Nationality = 'American',simple,0.00013384800013227505
967,formula_1,SELECT COUNT(*) FROM (SELECT T1.nationality FROM drivers AS T1 ORDER BY T1.dob DESC LIMIT 3) AS T3 WHERE T3.nationality = 'Dutch',simple,0.00012385700006234401
971,formula_1,SELECT driverRef FROM drivers WHERE nationality = 'German' ORDER BY dob ASC LIMIT 1,simple,0.00010311000005458482
977,formula_1,"SELECT
  SUM(CASE WHEN NOT time IS NULL THEN 1 ELSE 0 END)
FROM results
WHERE
  statusId = 2 AND raceID < 100 AND raceId > 50",simple,0.0014414469999337598
978,formula_1,"SELECT DISTINCT
  location,
  lat,
  lng
FROM circuits
WHERE
  country = 'Austria'",simple,3.3150000035675475e-05
981,formula_1,"SELECT
  T3.year,
  T3.name,
  T3.date,
  T3.time
FROM qualifying AS T1
INNER JOIN drivers AS T2
  ON T1.driverId = T2.driverId
INNER JOIN races AS T3
  ON T1.raceId = T3.raceId
WHERE
  T1.driverId = (
    SELECT
      driverId
    FROM drivers
    ORDER BY
      dob DESC
    LIMIT 1
  )
ORDER BY
  T3.date ASC
LIMIT 1",moderate,0.0004913389998364437
989,formula_1,"SELECT
  T1.time
FROM results AS T1
INNER JOIN races AS T2
  ON T1.raceId = T2.raceId
WHERE
  T2.name = 'Canadian Grand Prix'
  AND T2.year = 2008
  AND T1.time LIKE '_:%:__.___'",moderate,0.0018715379999321158
990,formula_1,"SELECT
  T3.constructorRef,
  T3.url
FROM results AS T1
INNER JOIN races AS T2
  ON T1.raceId = T2.raceId
INNER JOIN constructors AS T3
  ON T1.constructorId = T3.constructorId
WHERE
  T2.name = 'Singapore Grand Prix'
  AND T2.year = 2009
  AND T1.time LIKE '_:%:__.___'",challenging,0.0016197569998439576
717,superhero,SELECT  T3.power_name FROM superhero AS T1 INNER JOIN hero_power AS T2  ON T1.id = T2.hero_id INNER JOIN superpower AS T3  ON T2.power_id = T3.id WHERE  T1.superhero_name = '3-D Man',simple,0.00043625699981930666
994,formula_1,"SELECT
  SUM(T1.points),
  T2.name,
  T2.nationality
FROM constructorResults AS T1
INNER JOIN constructors AS T2
  ON T1.constructorId = T2.constructorId
INNER JOIN races AS T3
  ON T3.raceid = T1.raceid
WHERE
  T3.name = 'Monaco Grand Prix' AND T3.year BETWEEN 1980 AND 2010
GROUP BY
  T2.name
ORDER BY
  SUM(T1.points) DESC
LIMIT 1",challenging,0.001006155000141007
1001,formula_1,"SELECT
  T2.forename,
  T2.surname
FROM qualifying AS T1
INNER JOIN drivers AS T2
  ON T1.driverId = T2.driverId
INNER JOIN races AS T3
  ON T1.raceid = T3.raceid
WHERE
  NOT q3 IS NULL
  AND T3.year = 2008
  AND T3.circuitId IN (
    SELECT
      circuitId
    FROM circuits
    WHERE
      name = 'Marina Bay Street Circuit'
  )
ORDER BY
  CAST(SUBSTR(q3, 1, INSTR(q3, ':') - 1) AS SIGNED) * 60 + CAST(SUBSTR(q3, INSTR(q3, ':') + 1, INSTR(q3, '.') - INSTR(q3, ':') - 1) AS DOUBLE) + CAST(SUBSTR(q3, INSTR(q3, '.') + 1) AS DOUBLE) / 1000 ASC
LIMIT 1",challenging,0.0004963320000115345
1002,formula_1,"SELECT T1.forename, T1.surname, T1.nationality, T3.name FROM drivers AS T1 INNER JOIN driverStandings AS T2 ON T1.driverId = T2.driverId INNER JOIN races AS T3 ON T2.raceId = T3.raceId ORDER BY T1.dob DESC LIMIT 1",moderate,0.006322599999975864
1003,formula_1,"SELECT
  COUNT(T1.driverId)
FROM results AS T1
INNER JOIN races AS T2
  ON T1.raceId = T2.raceId
INNER JOIN status AS T3
  ON T1.statusId = T3.statusId
WHERE
  T3.statusId = 3 AND T2.name = 'Canadian Grand Prix'
GROUP BY
  T1.driverId
ORDER BY
  COUNT(T1.driverId) DESC
LIMIT 1",moderate,0.0017535090000819764
1011,formula_1,"WITH lap_times_in_seconds AS (SELECT driverId, (CASE WHEN SUBSTR(time, 1, INSTR(time, ':') - 1) <> '' THEN CAST(SUBSTR(time, 1, INSTR(time, ':') - 1) AS FLOAT) * 60 ELSE 0 END + CASE WHEN SUBSTR(time, INSTR(time, ':') + 1, INSTR(time, '.') - INSTR(time, ':') - 1) <> '' THEN CAST(SUBSTR(time, INSTR(time, ':') + 1, INSTR(time, '.') - INSTR(time, ':') - 1) AS FLOAT) ELSE 0 END + CASE WHEN SUBSTR(time, INSTR(time, '.') + 1) <> '' THEN CAST(SUBSTR(time, INSTR(time, '.') + 1) AS FLOAT) / 1000 ELSE 0 END) AS time_in_seconds FROM lapTimes) SELECT T2.forename, T2.surname, T1.driverId FROM (SELECT driverId, MIN(time_in_seconds) AS min_time_in_seconds FROM lap_times_in_seconds GROUP BY driverId) AS T1 INNER JOIN drivers AS T2 ON T1.driverId = T2.driverId ORDER BY T1.min_time_in_seconds ASC LIMIT 20",challenging,0.46853434800004834
1014,formula_1,"WITH fastest_lap_times AS (
  SELECT
    T1.raceId,
    T1.FastestLapTime,
    (
      CAST(SUBSTR(T1.FastestLapTime, 1, INSTR(T1.FastestLapTime, ':') - 1) AS DOUBLE) * 60
    ) + (
      CAST(SUBSTR(
        T1.FastestLapTime,
        INSTR(T1.FastestLapTime, ':') + 1,
        INSTR(T1.FastestLapTime, '.') - INSTR(T1.FastestLapTime, ':') - 1
      ) AS DOUBLE)
    ) + (
      CAST(SUBSTR(T1.FastestLapTime, INSTR(T1.FastestLapTime, '.') + 1) AS DOUBLE) / 1000
    ) AS time_in_seconds
  FROM results AS T1
  WHERE
    NOT T1.FastestLapTime IS NULL
)
SELECT
  T1.FastestLapTime AS lap_record
FROM results AS T1
INNER JOIN races AS T2
  ON T1.raceId = T2.raceId
INNER JOIN circuits AS T3
  ON T2.circuitId = T3.circuitId
INNER JOIN (
  SELECT
    MIN(fastest_lap_times.time_in_seconds) AS min_time_in_seconds
  FROM fastest_lap_times
  INNER JOIN races AS T2
    ON fastest_lap_times.raceId = T2.raceId
  INNER JOIN circuits AS T3
    ON T2.circuitId = T3.circuitId
  WHERE
    T3.country = 'Italy'
) AS T4
  ON (
    CAST(SUBSTR(T1.FastestLapTime, 1, INSTR(T1.FastestLapTime, ':') - 1) AS DOUBLE) * 60
  ) + (
    CAST(SUBSTR(
      T1.FastestLapTime,
      INSTR(T1.FastestLapTime, ':') + 1,
      INSTR(T1.FastestLapTime, '.') - INSTR(T1.FastestLapTime, ':') - 1
    ) AS DOUBLE)
  ) + (
    CAST(SUBSTR(T1.FastestLapTime, INSTR(T1.FastestLapTime, '.') + 1) AS DOUBLE) / 1000
  ) = T4.min_time_in_seconds
LIMIT 1",challenging,1.3023384269999951
719,superhero,"SELECT
  COUNT(T1.id)
FROM superhero AS T1
INNER JOIN hero_power AS T2
  ON T1.id = T2.hero_id
INNER JOIN superpower AS T3
  ON T2.power_id = T3.id
WHERE
  T3.power_name = 'Super Strength' AND T1.height_cm > 200",moderate,0.0010318780000488914
723,superhero,"SELECT
  COUNT(T1.id)
FROM superhero AS T1
INNER JOIN hero_power AS T2
  ON T1.id = T2.hero_id
INNER JOIN superpower AS T3
  ON T2.power_id = T3.id
INNER JOIN colour AS T4
  ON T1.eye_colour_id = T4.id
WHERE
  T3.power_name = 'Agility' AND T4.colour = 'Blue'",moderate,0.0014666030001535546
724,superhero,"SELECT
  T1.superhero_name
FROM superhero AS T1
INNER JOIN colour AS T2
  ON T1.eye_colour_id = T2.id
INNER JOIN colour AS T3
  ON T1.hair_colour_id = T3.id
WHERE
  T2.colour = 'Blue' AND T3.colour = 'Blond'",challenging,0.000321220999921934
726,superhero,"SELECT
  superhero_name,
  height_cm,
  RANK() OVER (ORDER BY height_cm DESC) AS HeightRank
FROM superhero
INNER JOIN publisher
  ON superhero.publisher_id = publisher.id
WHERE
  publisher.publisher_name = 'Marvel Comics'",moderate,0.0013027140000758664
728,superhero,"SELECT
  colour.colour AS EyeColor,
  COUNT(superhero.id) AS Count,
  RANK() OVER (ORDER BY COUNT(superhero.id) DESC) AS PopularityRank
FROM superhero
INNER JOIN colour
  ON superhero.eye_colour_id = colour.id
INNER JOIN publisher
  ON superhero.publisher_id = publisher.id
WHERE
  publisher.publisher_name = 'Marvel Comics'
GROUP BY
  colour.colour",moderate,0.000539836999905674
730,superhero,"SELECT
  superhero_name
FROM superhero AS T1
WHERE
  EXISTS(
    SELECT
      1
    FROM hero_power AS T2
    INNER JOIN superpower AS T3
      ON T2.power_id = T3.id
    WHERE
      T3.power_name = 'Super Strength' AND T1.id = T2.hero_id
  )
  AND EXISTS(
    SELECT
      1
    FROM publisher AS T4
    WHERE
      T4.publisher_name = 'Marvel Comics' AND T1.publisher_id = T4.id
  )",challenging,0.10576903900005163
732,superhero,"SELECT
  T2.publisher_name
FROM superhero AS T1
INNER JOIN publisher AS T2
  ON T1.publisher_id = T2.id
INNER JOIN hero_attribute AS T3
  ON T1.id = T3.hero_id
INNER JOIN attribute AS T4
  ON T3.attribute_id = T4.id
WHERE
  T4.attribute_name = 'Speed'
ORDER BY
  T3.attribute_value
LIMIT 1",moderate,0.00048389299990958534
733,superhero,"SELECT
  COUNT(T1.id)
FROM superhero AS T1
INNER JOIN publisher AS T2
  ON T1.publisher_id = T2.id
INNER JOIN colour AS T3
  ON T1.eye_colour_id = T3.id
WHERE
  T2.publisher_name = 'Marvel Comics' AND T3.colour = 'Gold'",moderate,0.00016073899996627006
736,superhero,"SELECT
  T1.superhero_name
FROM superhero AS T1
INNER JOIN hero_attribute AS T2
  ON T1.id = T2.hero_id
INNER JOIN attribute AS T3
  ON T2.attribute_id = T3.id
WHERE
  T3.attribute_name = 'Intelligence'
ORDER BY
  T2.attribute_value
LIMIT 1",moderate,0.0005080260000340786
737,superhero,"SELECT
  T2.race
FROM superhero AS T1
INNER JOIN race AS T2
  ON T1.race_id = T2.id
WHERE
  T1.superhero_name = 'Copycat'",simple,7.454100000359176e-05
738,superhero,"SELECT
  superhero_name
FROM superhero AS T1
WHERE
  EXISTS(
    SELECT
      1
    FROM hero_attribute AS T2
    INNER JOIN attribute AS T3
      ON T2.attribute_id = T3.id
    WHERE
      T3.attribute_name = 'Durability'
      AND T2.attribute_value < 50
      AND T1.id = T2.hero_id
  )",simple,0.08763883300002817
739,superhero,"SELECT
  T1.superhero_name
FROM superhero AS T1
INNER JOIN hero_power AS T2
  ON T1.id = T2.hero_id
INNER JOIN superpower AS T3
  ON T2.power_id = T3.id
WHERE
  T3.power_name = 'Death Touch'",moderate,0.0007944470000893489
740,superhero,"SELECT
  COUNT(T1.id)
FROM superhero AS T1
INNER JOIN hero_attribute AS T2
  ON T1.id = T2.hero_id
INNER JOIN attribute AS T3
  ON T2.attribute_id = T3.id
INNER JOIN gender AS T4
  ON T1.gender_id = T4.id
WHERE
  T3.attribute_name = 'Strength'
  AND T2.attribute_value = 100
  AND T4.gender = 'Female'",moderate,0.00020340099990789895
743,superhero,"SELECT
  (
    CAST(COUNT(*) AS DOUBLE) * 100 / (
      SELECT
        COUNT(*)
      FROM superhero
    )
  ),
  CAST(SUM(CASE WHEN T2.publisher_name = 'Marvel Comics' THEN 1 ELSE 0 END) AS DOUBLE)
FROM superhero AS T1
INNER JOIN publisher AS T2
  ON T1.publisher_id = T2.id
INNER JOIN alignment AS T3
  ON T3.id = T1.alignment_id
WHERE
  T3.alignment = 'Bad'",challenging,0.00016178399982891278
744,superhero,"SELECT
  SUM(CASE WHEN T2.publisher_name = 'Marvel Comics' THEN 1 ELSE 0 END) - SUM(CASE WHEN T2.publisher_name = 'DC Comics' THEN 1 ELSE 0 END)
FROM superhero AS T1
INNER JOIN publisher AS T2
  ON T1.publisher_id = T2.id",challenging,0.00015115100018192607
745,superhero,"SELECT
  id
FROM publisher
WHERE
  publisher_name = 'Star Trek'",simple,1.7376999949192395e-05
747,superhero,"SELECT
  COUNT(id)
FROM superhero
WHERE
  full_name IS NULL",simple,5.069899998488836e-05
750,superhero,"SELECT
  AVG(T1.weight_kg)
FROM superhero AS T1
INNER JOIN gender AS T2
  ON T1.gender_id = T2.id
WHERE
  T2.gender = 'Female'",simple,9.831299985307851e-05
751,superhero,"SELECT
  T3.power_name
FROM superhero AS T1
INNER JOIN hero_power AS T2
  ON T1.id = T2.hero_id
INNER JOIN superpower AS T3
  ON T3.id = T2.power_id
INNER JOIN gender AS T4
  ON T4.id = T1.gender_id
WHERE
  T4.gender = 'Male'
LIMIT 5",moderate,3.388499999346095e-05
753,superhero,"SELECT DISTINCT
  T1.superhero_name
FROM superhero AS T1
INNER JOIN colour AS T2
  ON T1.eye_colour_id = T2.id
WHERE
  T1.height_cm BETWEEN 170 AND 190 AND T2.colour = 'No Colour'",moderate,0.00011796400008279306
758,superhero,"SELECT DISTINCT
  T3.colour
FROM superhero AS T1
INNER JOIN race AS T2
  ON T1.race_id = T2.id
INNER JOIN colour AS T3
  ON T1.hair_colour_id = T3.id
WHERE
  T1.height_cm = 185 AND T2.race = 'Human'",moderate,7.72349999351718e-05
760,superhero,"SELECT
  CAST(COUNT(CASE WHEN T2.publisher_name = 'Marvel Comics' THEN 1 ELSE NULL END) AS DOUBLE) * 100 / COUNT(T1.id)
FROM superhero AS T1
INNER JOIN publisher AS T2
  ON T1.publisher_id = T2.id
WHERE
  T1.height_cm BETWEEN 150 AND 180",challenging,0.00010148599994863616
761,superhero,"SELECT
  T1.superhero_name
FROM superhero AS T1
INNER JOIN gender AS T2
  ON T1.gender_id = T2.id
WHERE
  T2.gender = 'Male'
  AND T1.weight_kg * 100 > (
    SELECT
      AVG(weight_kg)
    FROM superhero
  ) * 79",moderate,0.00013267799999994168
764,superhero,"SELECT DISTINCT
  T2.power_name
FROM hero_power AS T1
INNER JOIN superpower AS T2
  ON T1.power_id = T2.id
WHERE
  T1.hero_id = 1",simple,0.00018287199986843916
765,superhero,"SELECT
  COUNT(T1.hero_id)
FROM hero_power AS T1
INNER JOIN superpower AS T2
  ON T1.power_id = T2.id
WHERE
  T2.power_name = 'Stealth'",simple,0.0006382199999279692
766,superhero,SELECT T1.full_name FROM superhero AS T1 INNER JOIN hero_attribute AS T2 ON T1.id = T2.hero_id INNER JOIN attribute AS T3 ON T2.attribute_id = T3.id WHERE T3.attribute_name = 'Strength' ORDER BY T2.attribute_value DESC LIMIT 1,moderate,0.0004639310000129626
769,superhero,"SELECT
  T1.superhero_name
FROM superhero AS T1
INNER JOIN hero_attribute AS T2
  ON T1.id = T2.hero_id
INNER JOIN attribute AS T3
  ON T3.id = T2.attribute_id
INNER JOIN publisher AS T4
  ON T4.id = T1.publisher_id
WHERE
  T4.publisher_name = 'Dark Horse Comics'
  AND T3.attribute_name = 'Durability'
ORDER BY
  T2.attribute_value DESC
LIMIT 1",challenging,0.0005238070000359585
772,superhero,"SELECT
  T1.eye_colour_id,
  T1.hair_colour_id,
  T1.skin_colour_id
FROM superhero AS T1
INNER JOIN publisher AS T2
  ON T2.id = T1.publisher_id
INNER JOIN gender AS T3
  ON T3.id = T1.gender_id
WHERE
  T2.publisher_name = 'Dark Horse Comics' AND T3.gender = 'Female'",challenging,0.00011208700016140938
773,superhero,"SELECT
  T1.superhero_name,
  T2.publisher_name
FROM superhero AS T1
INNER JOIN publisher AS T2
  ON T1.publisher_id = T2.id
WHERE
  T1.eye_colour_id = T1.hair_colour_id
  AND T1.eye_colour_id = T1.skin_colour_id",challenging,0.00016702200014151458
775,superhero,"SELECT
  CAST(COUNT(CASE WHEN T3.colour = 'Blue' THEN T1.id ELSE NULL END) AS DOUBLE) * 100 / COUNT(T1.id)
FROM superhero AS T1
INNER JOIN gender AS T2
  ON T1.gender_id = T2.id
INNER JOIN colour AS T3
  ON T1.skin_colour_id = T3.id
WHERE
  T2.gender = 'Female'",challenging,0.00011904300004061952
779,superhero,"SELECT
  COUNT(T1.power_id)
FROM hero_power AS T1
INNER JOIN superhero AS T2
  ON T1.hero_id = T2.id
WHERE
  T2.superhero_name = 'Amazo'",simple,0.00041045400007533317
781,superhero,"SELECT
  T1.height_cm
FROM superhero AS T1
INNER JOIN colour AS T2
  ON T1.eye_colour_id = T2.id
WHERE
  T2.colour = 'Amber'",simple,0.00010515299982216675
782,superhero,"SELECT
  T1.superhero_name
FROM superhero AS T1
INNER JOIN colour AS T2
  ON T1.eye_colour_id = T2.id AND T1.hair_colour_id = T2.id
WHERE
  T2.colour = 'Black'",moderate,0.00011876100006702472
785,superhero,"SELECT
  T1.superhero_name
FROM superhero AS T1
INNER JOIN alignment AS T2
  ON T1.alignment_id = T2.id
WHERE
  T2.alignment = 'Neutral'",simple,0.00010825899994415522
786,superhero,"SELECT
  COUNT(T1.hero_id)
FROM hero_attribute AS T1
INNER JOIN attribute AS T2
  ON T1.attribute_id = T2.id
WHERE
  T2.attribute_name = 'Strength'
  AND T1.attribute_value = (
    SELECT
      MAX(attribute_value)
    FROM hero_attribute
  )",moderate,0.00031327199985753396
788,superhero,"SELECT
  CAST(COUNT(CASE WHEN T2.publisher_name = 'Marvel Comics' AND T3.gender = 'Female' THEN 1 ELSE NULL END) AS DOUBLE) * 100 / COUNT(CASE WHEN T2.publisher_name = 'Marvel Comics' THEN 1 ELSE NULL END)
FROM superhero AS T1
INNER JOIN publisher AS T2
  ON T1.publisher_id = T2.id
INNER JOIN gender AS T3
  ON T1.gender_id = T3.id",challenging,0.00018798599990077491
790,superhero,"SELECT
  (
    SELECT
      weight_kg
    FROM superhero
    WHERE
      full_name LIKE 'Emil Blonsky'
  ) - (
    SELECT
      weight_kg
    FROM superhero
    WHERE
      full_name LIKE 'Charles Chandler'
  ) AS CALCULATE",moderate,2.4054000050455215e-05
791,superhero,"SELECT
  CAST(SUM(height_cm) AS DOUBLE) / COUNT(id)
FROM superhero",simple,6.727700019837357e-05
792,superhero,"SELECT
  T3.power_name
FROM superhero AS T1
INNER JOIN hero_power AS T2
  ON T1.id = T2.hero_id
INNER JOIN superpower AS T3
  ON T2.power_id = T3.id
WHERE
  T1.superhero_name = 'Abomination'",simple,0.0005287869998937822
796,superhero,"SELECT
  T3.attribute_name,
  T2.attribute_value
FROM superhero AS T1
INNER JOIN hero_attribute AS T2
  ON T1.id = T2.hero_id
INNER JOIN attribute AS T3
  ON T2.attribute_id = T3.id
WHERE
  T1.superhero_name = '3-D Man'",moderate,0.0003664729999854899
797,superhero,"SELECT
  T1.superhero_name
FROM superhero AS T1
INNER JOIN colour AS T2
  ON T1.eye_colour_id = T2.id
INNER JOIN colour AS T3
  ON T1.hair_colour_id = T3.id
WHERE
  T2.colour = 'Blue' AND T3.colour = 'Brown'",moderate,0.00014232099988475966
798,superhero,"SELECT
  T2.publisher_name
FROM superhero AS T1
INNER JOIN publisher AS T2
  ON T1.publisher_id = T2.id
WHERE
  T1.superhero_name IN ('Hawkman', 'Karate Kid', 'Speedy')",moderate,0.00011267400009273842
800,superhero,"SELECT
  CAST(COUNT(CASE WHEN T2.colour = 'Blue' THEN 1 ELSE NULL END) AS DOUBLE) * 100 / COUNT(T1.id)
FROM superhero AS T1
INNER JOIN colour AS T2
  ON T1.eye_colour_id = T2.id",moderate,0.0001303999999890948
801,superhero,"SELECT
  CAST(COUNT(CASE WHEN T2.gender = 'Male' THEN T1.id ELSE NULL END) AS DOUBLE) / COUNT(CASE WHEN T2.gender = 'Female' THEN T1.id ELSE NULL END)
FROM superhero AS T1
INNER JOIN gender AS T2
  ON T1.gender_id = T2.id",moderate,0.00013522000017474056
806,superhero,"SELECT
  T2.colour
FROM superhero AS T1
INNER JOIN colour AS T2
  ON T1.eye_colour_id = T2.id
WHERE
  T1.full_name = 'Karen Beecher-Duncan'",simple,6.939899981261988e-05
819,superhero,"SELECT
  SUM(CASE WHEN T2.id = 7 THEN 1 ELSE 0 END) - SUM(CASE WHEN T2.id = 1 THEN 1 ELSE 0 END)
FROM superhero AS T1
INNER JOIN colour AS T2
  ON T1.eye_colour_id = T2.id
WHERE
  T1.weight_kg = 0 OR T1.weight_kg IS NULL",challenging,0.00010020299987445469
822,superhero,"SELECT
  COUNT(T1.id)
FROM superhero AS T1
INNER JOIN alignment AS T2
  ON T1.alignment_id = T2.id
INNER JOIN colour AS T3
  ON T1.skin_colour_id = T3.id
WHERE
  T2.alignment = 'Bad' AND T3.colour = 'Green'",moderate,0.00011396500008231669
824,superhero,"SELECT
  T1.superhero_name
FROM superhero AS T1
INNER JOIN hero_power AS T2
  ON T1.id = T2.hero_id
INNER JOIN superpower AS T3
  ON T2.power_id = T3.id
WHERE
  T3.power_name = 'Wind Control'
ORDER BY
  T1.superhero_name",moderate,0.0013264100000469625
825,superhero,"SELECT
  T4.gender
FROM superhero AS T1
INNER JOIN hero_power AS T2
  ON T1.id = T2.hero_id
INNER JOIN superpower AS T3
  ON T2.power_id = T3.id
INNER JOIN gender AS T4
  ON T1.gender_id = T4.id
WHERE
  T3.power_name = 'Phoenix Force'",moderate,0.0015151520001381868
829,superhero,"SELECT
  SUM(CASE WHEN T2.publisher_name = 'DC Comics' THEN 1 ELSE 0 END) - SUM(CASE WHEN T2.publisher_name = 'Marvel Comics' THEN 1 ELSE 0 END)
FROM superhero AS T1
INNER JOIN publisher AS T2
  ON T1.publisher_id = T2.id",challenging,0.00025230500000361644
195,toxicology,"SELECT
  T.bond_type
FROM (
  SELECT
    bond_type,
    COUNT(bond_id)
  FROM bond
  GROUP BY
    bond_type
  ORDER BY
    COUNT(bond_id) DESC
  LIMIT 1
) AS T",simple,0.003985269999930097
197,toxicology,"SELECT
  AVG(oxygen_count)
FROM (
  SELECT
    T1.molecule_id,
    COUNT(T1.element) AS oxygen_count
  FROM atom AS T1
  INNER JOIN bond AS T2
    ON T1.molecule_id = T2.molecule_id
  WHERE
    T2.bond_type = '-' AND T1.element = 'o'
  GROUP BY
    T1.molecule_id
) AS oxygen_counts",moderate,0.01680790000000343
198,toxicology,"SELECT
  AVG(single_bond_count)
FROM (
  SELECT
    T3.molecule_id,
    COUNT(T1.bond_type) AS single_bond_count
  FROM bond AS T1
  INNER JOIN atom AS T2
    ON T1.molecule_id = T2.molecule_id
  INNER JOIN molecule AS T3
    ON T3.molecule_id = T2.molecule_id
  WHERE
    T1.bond_type = '-' AND T3.label = '+'
  GROUP BY
    T3.molecule_id
) AS subquery",challenging,0.22553227900016282
200,toxicology,"SELECT DISTINCT
  T2.molecule_id
FROM bond AS T1
INNER JOIN molecule AS T2
  ON T1.molecule_id = T2.molecule_id
WHERE
  T1.bond_type = '#' AND T2.label = '+'",simple,0.0009826919999795791
201,toxicology,"SELECT
  CAST(COUNT(DISTINCT CASE WHEN T1.element = 'c' THEN T1.atom_id ELSE NULL END) AS DOUBLE) * 100 / COUNT(DISTINCT T1.atom_id)
FROM atom AS T1
INNER JOIN bond AS T2
  ON T1.molecule_id = T2.molecule_id
WHERE
  T2.bond_type = '='",moderate,0.04601764699987143
206,toxicology,"SELECT DISTINCT
  T1.element
FROM atom AS T1
INNER JOIN connected AS T2
  ON T1.atom_id = T2.atom_id
WHERE
  T2.bond_id = 'TR004_8_9'",challenging,0.0019821690000298986
207,toxicology,"SELECT DISTINCT
  T1.element
FROM atom AS T1
INNER JOIN bond AS T2
  ON T1.molecule_id = T2.molecule_id
INNER JOIN connected AS T3
  ON T1.atom_id = T3.atom_id
WHERE
  T2.bond_type = '='",challenging,0.04254388200001813
208,toxicology,"SELECT
  T.label
FROM (
  SELECT
    T2.label,
    COUNT(T2.molecule_id)
  FROM atom AS T1
  INNER JOIN molecule AS T2
    ON T1.molecule_id = T2.molecule_id
  WHERE
    T1.element = 'h'
  GROUP BY
    T2.label
  ORDER BY
    COUNT(T2.molecule_id) DESC
  LIMIT 1
) AS t",moderate,0.0018629500000315602
212,toxicology,"SELECT
  T.element
FROM (
  SELECT
    T1.element,
    COUNT(DISTINCT T1.molecule_id)
  FROM atom AS T1
  INNER JOIN molecule AS T2
    ON T1.molecule_id = T2.molecule_id
  WHERE
    T2.label = '-'
  GROUP BY
    T1.element
  ORDER BY
    COUNT(DISTINCT T1.molecule_id) ASC
  LIMIT 1
) AS t",challenging,0.002934616999937134
213,toxicology,"SELECT
  T1.bond_type
FROM bond AS T1
INNER JOIN connected AS T2
  ON T1.bond_id = T2.bond_id
WHERE
  T2.atom_id = 'TR004_8'
  AND T2.atom_id2 = 'TR004_20'
  OR T2.atom_id2 = 'TR004_8'
  AND T2.atom_id = 'TR004_20'",moderate,4.105500011064578e-05
215,toxicology,"SELECT
  COUNT(DISTINCT CASE WHEN T1.element = 'i' THEN T1.atom_id ELSE NULL END) AS iodine_nums,
  COUNT(DISTINCT CASE WHEN T1.element = 's' THEN T1.atom_id ELSE NULL END) AS sulfur_nums
FROM atom AS T1
INNER JOIN connected AS T2
  ON T1.atom_id = T2.atom_id
INNER JOIN bond AS T3
  ON T2.bond_id = T3.bond_id
WHERE
  T3.bond_type = '-'",challenging,0.012487126999985776
218,toxicology,"SELECT
  CAST(COUNT(DISTINCT CASE WHEN T1.element <> 'f' THEN T2.molecule_id ELSE NULL END) AS DOUBLE) * 100 / COUNT(DISTINCT T2.molecule_id)
FROM atom AS T1
INNER JOIN molecule AS T2
  ON T1.molecule_id = T2.molecule_id
WHERE
  T2.label = '+'",challenging,0.0020993209998323437
219,toxicology,"SELECT
  CAST(COUNT(DISTINCT CASE WHEN T2.label = '+' THEN T2.molecule_id ELSE NULL END) AS DOUBLE) * 100 / COUNT(DISTINCT T2.molecule_id)
FROM atom AS T1
INNER JOIN molecule AS T2
  ON T1.molecule_id = T2.molecule_id
INNER JOIN bond AS T3
  ON T2.molecule_id = T3.molecule_id
WHERE
  T3.bond_type = '#'",challenging,0.0023931319999519474
220,toxicology,"SELECT DISTINCT
  T.element
FROM atom AS T
WHERE
  T.molecule_id = 'TR000'
ORDER BY
  T.element
LIMIT 3",challenging,0.00078382599986071
226,toxicology,"SELECT
  ROUND(
    CAST(COUNT(CASE WHEN T.bond_type = '=' THEN T.bond_id ELSE NULL END) AS DOUBLE) * 100 / COUNT(T.bond_id),
    5
  )
FROM bond AS T
WHERE
  T.molecule_id = 'TR008'",moderate,0.0005398490000061429
227,toxicology,"SELECT
  ROUND(
    CAST(COUNT(CASE WHEN T.label = '+' THEN T.molecule_id ELSE NULL END) AS DOUBLE) * 100 / COUNT(T.molecule_id),
    3
  )
FROM molecule AS t",simple,5.445600004350126e-05
228,toxicology,"SELECT
  ROUND(
    CAST(COUNT(CASE WHEN T.element = 'h' THEN T.atom_id ELSE NULL END) AS DOUBLE) * 100 / COUNT(T.atom_id),
    4
  )
FROM atom AS T
WHERE
  T.molecule_id = 'TR206'",moderate,0.000399866999941878
230,toxicology,"SELECT DISTINCT
  T1.element,
  T2.label
FROM atom AS T1
INNER JOIN molecule AS T2
  ON T1.molecule_id = T2.molecule_id
WHERE
  T2.molecule_id = 'TR060'",challenging,0.0006309380000857345
231,toxicology,"SELECT
  T.bond_type
FROM (
  SELECT
    T1.bond_type,
    COUNT(T1.molecule_id)
  FROM bond AS T1
  WHERE
    T1.molecule_id = 'TR010'
  GROUP BY
    T1.bond_type
  ORDER BY
    COUNT(T1.molecule_id) DESC
  LIMIT 1
) AS T",challenging,0.00042030100007650617
232,toxicology,"SELECT DISTINCT
  T2.molecule_id
FROM bond AS T1
INNER JOIN molecule AS T2
  ON T1.molecule_id = T2.molecule_id
WHERE
  T1.bond_type = '-' AND T2.label = '-'
ORDER BY
  T2.molecule_id
LIMIT 3",moderate,0.002135664999968867
234,toxicology,"SELECT
  COUNT(T2.bond_id)
FROM bond AS T1
INNER JOIN connected AS T2
  ON T1.bond_id = T2.bond_id
WHERE
  T1.molecule_id = 'TR009'
  AND T2.atom_id = CONCAT(T1.molecule_id, '_1')
  OR T2.atom_id2 = CONCAT(T1.molecule_id, '_2')",moderate,0.008199899000146615
236,toxicology,"SELECT
  T1.bond_type,
  T2.atom_id,
  T2.atom_id2
FROM bond AS T1
INNER JOIN connected AS T2
  ON T1.bond_id = T2.bond_id
WHERE
  T2.bond_id = 'TR001_6_9'",moderate,0.001715637000188508
239,toxicology,"SELECT
  COUNT(T.bond_id)
FROM connected AS T
WHERE
  SUBSTR(T.atom_id, -2) = '19'",simple,0.0029998669999713456
240,toxicology,"SELECT DISTINCT
  T.element
FROM atom AS T
WHERE
  T.molecule_id = 'TR004'",challenging,0.0008222890000979532
242,toxicology,"SELECT DISTINCT
  T2.molecule_id
FROM atom AS T1
INNER JOIN molecule AS T2
  ON T1.molecule_id = T2.molecule_id
WHERE
  SUBSTR(T1.atom_id, -2) BETWEEN '21' AND '25' AND T2.label = '+'",moderate,0.002087844000016048
243,toxicology,"SELECT
  T2.bond_id
FROM atom AS T1
INNER JOIN connected AS T2
  ON T1.atom_id = T2.atom_id
WHERE
  T2.bond_id IN (
    SELECT
      T3.bond_id
    FROM connected AS T3
    INNER JOIN atom AS T4
      ON T3.atom_id = T4.atom_id
    WHERE
      T4.element = 'p'
  )
  AND T1.element = 'n'",moderate,0.0030280179998953827
244,toxicology,"SELECT
  T1.label
FROM molecule AS T1
INNER JOIN (
  SELECT
    T.molecule_id,
    COUNT(T.bond_type)
  FROM bond AS T
  WHERE
    T.bond_type = '='
  GROUP BY
    T.molecule_id
  ORDER BY
    COUNT(T.bond_type) DESC
  LIMIT 1
) AS T2
  ON T1.molecule_id = T2.molecule_id",moderate,0.0014873879999868223
245,toxicology,"SELECT
  CAST(COUNT(T2.bond_id) AS DOUBLE) / COUNT(T1.atom_id)
FROM atom AS T1
INNER JOIN connected AS T2
  ON T1.atom_id = T2.atom_id
WHERE
  T1.element = 'i'",moderate,0.000874457000008988
247,toxicology,"SELECT DISTINCT
  T.element
FROM atom AS T
WHERE
  NOT T.element IN (
    SELECT DISTINCT
      T1.element
    FROM atom AS T1
    INNER JOIN connected AS T2
      ON T1.atom_id = T2.atom_id
  )",challenging,0.007089384999972026
248,toxicology,"SELECT
  T2.atom_id,
  T2.atom_id2
FROM atom AS T1
INNER JOIN connected AS T2
  ON T1.atom_id = T2.atom_id
INNER JOIN bond AS T3
  ON T2.bond_id = T3.bond_id
WHERE
  T3.bond_type = '#' AND T3.molecule_id = 'TR041'",simple,0.005094952000035846
249,toxicology,"SELECT
  T2.element
FROM connected AS T1
INNER JOIN atom AS T2
  ON T1.atom_id = T2.atom_id
WHERE
  T1.bond_id = 'TR144_8_19'",challenging,0.0008823770001527009
253,toxicology,"SELECT DISTINCT
  T3.element
FROM bond AS T1
INNER JOIN connected AS T2
  ON T1.bond_id = T2.bond_id
INNER JOIN atom AS T3
  ON T2.atom_id = T3.atom_id
WHERE
  T1.bond_type = '#'",challenging,0.005000445999939984
255,toxicology,"SELECT
  ROUND(
    CAST(COUNT(CASE WHEN T2.label = '+' THEN T1.bond_id ELSE NULL END) AS DOUBLE) * 100 / COUNT(T1.bond_id),
    5
  )
FROM bond AS T1
INNER JOIN molecule AS T2
  ON T1.molecule_id = T2.molecule_id
WHERE
  T1.bond_type = '-'",moderate,0.0019319110001561057
260,toxicology,"SELECT
  COUNT(T1.atom_id)
FROM atom AS T1
INNER JOIN molecule AS T2
  ON T1.molecule_id = T2.molecule_id
INNER JOIN bond AS T3
  ON T2.molecule_id = T3.molecule_id
WHERE
  T3.bond_type = '#' AND T1.element IN ('p', 'br')",moderate,0.0009677080001893046
263,toxicology,"SELECT
  CAST(COUNT(CASE WHEN T.element = 'cl' THEN T.atom_id ELSE NULL END) AS DOUBLE) * 100 / COUNT(T.atom_id)
FROM (
  SELECT
    T1.atom_id,
    T1.element
  FROM atom AS T1
  INNER JOIN molecule AS T2
    ON T1.molecule_id = T2.molecule_id
  INNER JOIN bond AS T3
    ON T2.molecule_id = T3.molecule_id
  WHERE
    T3.bond_type = '-'
) AS T",challenging,0.03081436500019663
268,toxicology,"SELECT
  T2.element
FROM connected AS T1
INNER JOIN atom AS T2
  ON T1.atom_id = T2.atom_id
WHERE
  T1.bond_id = 'TR001_10_11'",challenging,0.0009063029999651917
273,toxicology,"SELECT
  CAST(COUNT(CASE WHEN T1.element = 'cl' THEN T1.element ELSE NULL END) AS DOUBLE) * 100 / COUNT(T1.element)
FROM atom AS T1
INNER JOIN molecule AS T2
  ON T1.molecule_id = T2.molecule_id
WHERE
  T2.label = '+'",moderate,0.0019212920001336897
281,toxicology,"SELECT DISTINCT
  T1.element
FROM atom AS T1
INNER JOIN molecule AS T2
  ON T1.molecule_id = T2.molecule_id
WHERE
  T2.label = '+'
  AND SUBSTR(T1.atom_id, -1) = '4'
  AND LENGTH(T1.atom_id) = 7",challenging,0.0008533159998478368
282,toxicology,"WITH SubQuery AS (SELECT DISTINCT T1.atom_id, T1.element, T1.molecule_id, T2.label FROM atom AS T1 INNER JOIN molecule AS T2 ON T1.molecule_id = T2.molecule_id WHERE T2.molecule_id = 'TR006') SELECT CAST(COUNT(CASE WHEN element = 'h' THEN atom_id ELSE NULL END) AS DECIMAL(10,2)) / NULLIF(COUNT(atom_id), 0) AS ratio, label FROM SubQuery GROUP BY label",challenging,0.0008401019999837445
327,toxicology,"SELECT
  T.molecule_id
FROM (
  SELECT
    T1.molecule_id,
    COUNT(T2.atom_id)
  FROM molecule AS T1
  INNER JOIN atom AS T2
    ON T1.molecule_id = T2.molecule_id
  WHERE
    T1.label = '-'
  GROUP BY
    T1.molecule_id
  HAVING
    COUNT(T2.atom_id) > 5
) AS t",moderate,0.0026940560001094127
5,california_schools,SELECT  COUNT(DISTINCT T2.School) FROM satscores AS T1 INNER JOIN schools AS T2  ON T1.cds = T2.CDSCode WHERE  T2.Virtual = 'F' AND T1.AvgScrMath > 400,simple,0.0037017449999439123
17,california_schools,"SELECT
  CharterNum,
  AvgScrWrite,
  RANK() OVER (ORDER BY AvgScrWrite DESC) AS WritingScoreRank
FROM schools AS T1
INNER JOIN satscores AS T2
  ON T1.CDSCode = T2.cds
WHERE
  T2.AvgScrWrite > 499 AND NOT CharterNum IS NULL",simple,0.003449508999892714
37,california_schools,"SELECT
  T2.Street,
  T2.City,
  T2.State,
  T2.Zip
FROM satscores AS T1
INNER JOIN schools AS T2
  ON T1.cds = T2.CDSCode
ORDER BY
  CAST(T1.NumGE1500 AS DOUBLE) / T1.NumTstTakr ASC
LIMIT 1",moderate,0.0009575100000347447
36,california_schools,"SELECT
  T2.AdmFName1,
  T2.AdmLName1,
  T2.AdmFName2,
  T2.AdmLName2,
  T2.AdmFName3,
  T2.AdmLName3
FROM satscores AS T1
INNER JOIN schools AS T2
  ON T1.cds = T2.CDSCode
ORDER BY
  T1.NumGE1500 DESC
LIMIT 1",challenging,0.0008904020000954915
40,california_schools,"SELECT
  T2.Phone
FROM satscores AS T1
INNER JOIN schools AS T2
  ON T1.cds = T2.CDSCode
WHERE
  T2.District = 'Fresno Unified' AND NOT T1.AvgScrRead IS NULL
ORDER BY
  T1.AvgScrRead ASC
LIMIT 1",moderate,0.0028186669999286096
41,california_schools,"SELECT  School FROM ( SELECT T2.School, T1.AvgScrRead, RANK() OVER (PARTITION BY T2.County ORDER BY T1.AvgScrRead DESC) AS rnk FROM satscores AS T1 INNER JOIN schools AS T2 ON T1.cds = T2.CDSCode WHERE T2.Virtual = 'F') ranked_schools WHERE rnk <= 5",simple,0.0033920179998858657
45,california_schools,"SELECT
  T2.School,
  T1.AvgScrWrite
FROM satscores AS T1
INNER JOIN schools AS T2
  ON T1.cds = T2.CDSCode
WHERE
  T2.AdmFName1 = 'Ricci' AND T2.AdmLName1 = 'Ulrich'",moderate,0.003406725000104416
48,california_schools,"SELECT
  CAST(SUM(CASE WHEN DOC = 54 THEN 1 ELSE 0 END) AS DOUBLE) / SUM(CASE WHEN DOC = 52 THEN 1 ELSE 0 END)
FROM schools
WHERE
  StatusType = 'Merged' AND County = 'Orange'",moderate,0.00256776100013667
50,california_schools,"SELECT
  T2.MailStreet,
  T2.School
FROM satscores AS T1
INNER JOIN schools AS T2
  ON T1.cds = T2.CDSCode
ORDER BY
  T1.AvgScrMath DESC
LIMIT 1
OFFSET 6",simple,0.0009354389999316481
79,california_schools,"SELECT
  County,
  COUNT(Virtual)
FROM schools
WHERE
  (
    County = 'San Diego' OR County = 'Santa Barbara'
  ) AND Virtual = 'F'
GROUP BY
  County
ORDER BY
  COUNT(Virtual) DESC
LIMIT 1",moderate,0.0029853880000700883
82,california_schools,"SELECT
  GSoffered
FROM schools
ORDER BY
  ABS(longitude) DESC
LIMIT 1",simple,0.0037712369999098883
89,financial,"SELECT
  COUNT(T2.account_id)
FROM district AS T1
INNER JOIN account AS T2
  ON T1.district_id = T2.district_id
WHERE
  T1.A3 = 'east Bohemia' AND T2.frequency = 'POPLATEK PO OBRATU'",moderate,0.00039055599995663215
92,financial,"SELECT
  COUNT(DISTINCT T2.district_id)
FROM client AS T1
INNER JOIN district AS T2
  ON T1.district_id = T2.district_id
WHERE
  T1.gender = 'F' AND T2.A11 BETWEEN 6000 AND 10000",simple,0.0013850279999587656
93,financial,"SELECT
  COUNT(T1.client_id)
FROM client AS T1
INNER JOIN district AS T2
  ON T1.district_id = T2.district_id
WHERE
  T1.gender = 'M' AND T2.A3 = 'north Bohemia' AND T2.A11 > 8000",moderate,0.0006569479999143368
94,financial,"SELECT
  T1.account_id,
  (
    SELECT
      MAX(A11) - MIN(A11)
    FROM district
  )
FROM account AS T1
INNER JOIN district AS T2
  ON T1.district_id = T2.district_id
INNER JOIN disp AS T3
  ON T1.account_id = T3.account_id
INNER JOIN client AS T4
  ON T3.client_id = T4.client_id
WHERE
  T2.district_id = (
    SELECT
      district_id
    FROM client
    WHERE
      gender = 'F'
    ORDER BY
      birth_date ASC
    LIMIT 1
  )
ORDER BY
  T2.A11 DESC
LIMIT 1",challenging,0.0004839020000417804
95,financial,"SELECT
  T1.account_id
FROM account AS T1
INNER JOIN disp AS T2
  ON T1.account_id = T2.account_id
INNER JOIN client AS T3
  ON T2.client_id = T3.client_id
INNER JOIN district AS T4
  ON T4.district_id = T1.district_id
WHERE
  T2.client_id = (
    SELECT
      client_id
    FROM client
    ORDER BY
      birth_date DESC
    LIMIT 1
  )
GROUP BY
  T4.A11,
  T1.account_id",moderate,0.0006597290000627254
112,financial,"SELECT
  T1.A2
FROM district AS T1
INNER JOIN client AS T2
  ON T1.district_id = T2.district_id
WHERE
  T2.birth_date = '1976-01-29' AND T2.gender = 'F'",simple,0.00036947300009160244
115,financial,"SELECT
  CAST(SUM(T1.gender = 'M') AS DOUBLE) * 100 / COUNT(T1.client_id)
FROM client AS T1
INNER JOIN district AS T2
  ON T1.district_id = T2.district_id
WHERE
  T2.A3 = 'south Bohemia'
GROUP BY
  T2.A4
ORDER BY
  T2.A4 DESC
LIMIT 1",challenging,0.0015731309999864607
116,financial,"SELECT
  CAST((
    SUM(CASE WHEN T3.date = '1998-12-27' THEN T3.balance ELSE 0 END) - SUM(CASE WHEN T3.date = '1993-03-22' THEN T3.balance ELSE 0 END)
  ) AS DOUBLE) * 100 / SUM(CASE WHEN T3.date = '1993-03-22' THEN T3.balance ELSE 0 END)
FROM loan AS T1
INNER JOIN account AS T2
  ON T1.account_id = T2.account_id
INNER JOIN trans AS T3
  ON T3.account_id = T2.account_id
WHERE
  T1.date = '1993-07-05'",challenging,0.6474788719999651
117,financial,"SELECT
  (
    CAST(SUM(CASE WHEN status = 'A' THEN amount ELSE 0 END) AS DOUBLE) * 100
  ) / SUM(amount)
FROM loan",moderate,9.407199991073867e-05
118,financial,"SELECT
  CAST(SUM(status = 'C') AS DOUBLE) * 100 / COUNT(account_id)
FROM loan
WHERE
  amount < 100000",moderate,7.763899998280976e-05
125,financial,"SELECT
  CAST((
    T3.A13 - T3.A12
  ) AS DOUBLE) * 100 / T3.A12
FROM loan AS T1
INNER JOIN account AS T2
  ON T1.account_id = T2.account_id
INNER JOIN district AS T3
  ON T2.district_id = T3.district_id
WHERE
  T1.status = 'D'",challenging,0.0001478710000810679
128,financial,"SELECT
  T2.A2,
  COUNT(T1.client_id)
FROM client AS T1
INNER JOIN district AS T2
  ON T1.district_id = T2.district_id
WHERE
  T1.gender = 'F'
GROUP BY
  T2.district_id,
  T2.A2
ORDER BY
  COUNT(T1.client_id) DESC
LIMIT 9",moderate,0.001346569999896019
136,financial,"SELECT
  COUNT(T1.account_id)
FROM account AS T1
INNER JOIN loan AS T2
  ON T1.account_id = T2.account_id
WHERE
  T2.date BETWEEN '1995-01-01' AND '1997-12-31'
  AND T1.frequency = 'POPLATEK MESICNE'
  AND T2.amount >= 250000",moderate,0.00019362599982741813
137,financial,"SELECT
  COUNT(T1.account_id)
FROM account AS T1
INNER JOIN district AS T2
  ON T1.district_id = T2.district_id
INNER JOIN loan AS T3
  ON T1.account_id = T3.account_id
WHERE
  T1.district_id = 1 AND (
    T3.status = 'C' OR T3.status = 'D'
  )",moderate,0.00020016500002384419
138,financial,"SELECT
  COUNT(T1.client_id)
FROM client AS T1
INNER JOIN district AS T2
  ON T1.district_id = T2.district_id
WHERE
  T1.gender = 'M'
  AND T2.A15 = (
    SELECT
      T3.A15
    FROM district AS T3
    ORDER BY
      T3.A15 DESC
    LIMIT 1
    OFFSET 1
  )",moderate,0.0006881809999867983
129,financial,"SELECT DISTINCT
  T1.A2
FROM district AS T1
INNER JOIN account AS T2
  ON T1.district_id = T2.district_id
INNER JOIN trans AS T3
  ON T2.account_id = T3.account_id
WHERE
  T3.type = 'VYDAJ' AND T3.date LIKE '1996-01%'
ORDER BY
  A2 ASC
LIMIT 10",moderate,0.08121047300005557
149,financial,"SELECT
  T3.type
FROM district AS T1
INNER JOIN account AS T2
  ON T1.district_id = T2.district_id
INNER JOIN disp AS T3
  ON T2.account_id = T3.account_id
WHERE
  T3.type <> 'OWNER' AND T1.A11 BETWEEN 8000 AND 9000",challenging,0.0007324680000238004
159,financial,"SELECT
  T4.trans_id
FROM client AS T1
INNER JOIN disp AS T2
  ON T1.client_id = T2.client_id
INNER JOIN account AS T3
  ON T2.account_id = T3.account_id
INNER JOIN trans AS T4
  ON T3.account_id = T4.account_id
WHERE
  T1.client_id = 3356 AND T4.operation = 'VYBER'",simple,0.20381943799998226
168,financial,"SELECT
  CAST(SUM(T2.gender = 'F') AS DOUBLE) * 100 / COUNT(T2.client_id)
FROM district AS T1
INNER JOIN client AS T2
  ON T1.district_id = T2.district_id
WHERE
  T1.A11 > 10000",moderate,0.0016682769999079028
186,financial,"SELECT
  CAST(SUM(T1.gender = 'M') AS DOUBLE) * 100 / COUNT(T1.client_id)
FROM client AS T1
INNER JOIN district AS T3
  ON T1.district_id = T3.district_id
INNER JOIN account AS T2
  ON T2.district_id = T3.district_id
INNER JOIN disp AS T4
  ON T1.client_id = T4.client_id AND T2.account_id = T4.account_id
WHERE
  T2.frequency = 'POPLATEK TYDNE'",moderate,0.0008929119999265822
189,financial,"SELECT
  T3.account_id
FROM client AS T1
INNER JOIN district AS T2
  ON T1.district_id = T2.district_id
INNER JOIN account AS T3
  ON T2.district_id = T3.district_id
INNER JOIN disp AS T4
  ON T1.client_id = T4.client_id AND T4.account_id = T3.account_id
WHERE
  T1.gender = 'F'
ORDER BY
  T1.birth_date ASC,
  T2.A11 ASC
LIMIT 1",moderate,0.001382905999889772
192,financial,"SELECT
  AVG(T2.amount)
FROM account AS T1
INNER JOIN loan AS T2
  ON T1.account_id = T2.account_id
WHERE
  T2.status IN ('C', 'D') AND T1.frequency = 'POPLATEK PO OBRATU'",moderate,0.00020377999999254826
